id,pm2_5
id_ihxgrbq8bw,20.825240832632414
id_dg6s4fhiwe,30.09210985361574
id_f7hwwtmuzp,12.830647153223651
id_ioese5awdg,34.452079498935305
id_hdw320zpls,14.30157970168342
id_wnxl0jyxdm,19.487656654972056
id_irr46cfvrz,33.33454526196828
id_l3lg8y1tar,46.40782122908504
id_9bzncgu7ap,15.048963811851204
id_tq8gz80e59,27.940922534867365
id_gouch6j71l,19.612849551308027
id_gvg6pup3v5,28.075786561473123
id_xsyh8m7o0c,18.43700129961152
id_hsr9nym75x,28.4848042564428
id_kk2mprzws5,26.105631658809926
id_zztb716ruj,45.27103018439723
id_nc37c47azq,22.69441437922856
id_aq2zwrpazm,18.93550748712923
id_1if5noe1b4,21.78664389939537
id_9ch9qgghhp,18.115884387245888
id_i8ez1ppqtt,24.57998279618404
id_1gzede3sx1,15.812489554710783
id_c0cjjirgpf,22.12535965618077
id_y3cgdjsgq1,18.226494676738668
id_hqfk9eb7i3,19.79873589099969
id_heuv8vkjh4,15.95333563363408
id_fcoot945yi,23.601425270325265
id_h4j7gdpygc,23.356371701127888
id_0z5dftxu4p,20.522670750227668
id_0l3lpe7b09,26.58376786443605
id_q51pjcyt8q,22.539618141526866
id_5y5tak334a,51.89722697031349
id_ffpap9n3bi,20.68178405061816
id_wlrkf9c15k,28.11805348117215
id_i2rh9ih3f4,29.466482239075336
id_uqm3krxam7,39.28342184547732
id_3iwa156mvm,26.07223134371635
id_1lz3s1bdxs,51.43679627940153
id_jmqt01idjp,42.04572483318088
id_8gb7nw0rmx,34.29461159696362
id_4xwo0p10w6,32.6413098978268
id_m5bwlzsq1q,45.28483773249475
id_z4d44hh4z0,50.84814016591341
id_pmh6yxhfva,35.84147952862302
id_35d6qsok4a,39.66914734758426
id_77htjr9yc8,59.60788162700285
id_t8vdruehat,45.93482095349664
id_jckj5zjs3u,62.93132141080363
id_iaz7r7qv9z,63.23005254271667
id_uifln55ls5,63.73788891594821
id_d32frejzqm,59.776259192693765
id_exdub9ncvr,60.83695336500087
id_mxkrqowab2,68.85463799947163
id_y8ho5r6i9n,59.95806928510064
id_fiygo06opn,60.99073293925027
id_o3dfdr4sk8,78.3170154129474
id_akv54mqumg,88.56889019385451
id_h24kmkoube,19.914002561562317
id_x3hkwvtuum,12.171250475950622
id_w5yebgnpv0,13.485219979876373
id_0sqrmgfxq8,13.181363213654585
id_af7sxbklj4,12.953808426138496
id_hv5isckfyd,14.43971147098368
id_ghg0lmyh5v,16.876074910338822
id_wpckthcmjz,14.529901801644364
id_u8j139024n,12.250584904383858
id_1jadvwi51a,13.887787387549247
id_1gm8yzoyli,12.967781280437835
id_qsbblt5w3q,15.216875447197925
id_51h39wnp4b,14.663437984916728
id_ny5f2xtwmp,13.756917545070284
id_3dhao9xr06,14.499958368454562
id_wwcepeo72q,12.853248295855114
id_aekpxa9j8r,19.9251216878923
id_hlshs2v7p0,11.242615341181546
id_csaw4okqxs,15.220997814264187
id_a57xn6b266,13.90426308000586
id_v6zbdry3ae,18.36839667989057
id_mjgt3wrumc,19.075026707464342
id_rb71ryy76k,21.52137573468581
id_rzzwlgdruk,13.990243206452073
id_bg7hzhz9s5,24.494337575253663
id_9f0xa0vpm0,17.435929587259942
id_x19qug1u9n,16.77461194116361
id_neebsy7lt3,16.31199354251553
id_k5jc67rf2q,15.486019133247163
id_6vw340icrq,17.690822778293608
id_rpzdo2jabq,19.663140993801
id_3m8w0ho783,21.29184474088093
id_2ziuzg6bnw,16.40589459246626
id_4hps6472o7,14.726536444336933
id_9cb9qenzw7,17.388885080901403
id_6rvd06xnhq,19.695513077032484
id_22gpyw7j4j,21.053945495342383
id_970drtediu,22.04094346319995
id_oec1w7ootb,20.63253948593534
id_7onpirv1s3,20.66934460460943
id_8rt8qfy8h4,14.54685621848056
id_e69vc06bss,24.694542517900665
id_7dv4xh47cy,20.227597607590685
id_vfx2x5hc15,20.478999904546825
id_ljvpa6cdtz,14.143973019400615
id_faa2v5ox7q,15.274316809899616
id_t6xdbl4ne4,15.661810210896922
id_r2fdbsyh1n,17.162833116802588
id_jhwi52u0q3,28.86007588435289
id_55pa9g9m9g,18.029147865953963
id_u347bmckbj,17.583106404487893
id_3ygrfqgttc,20.04850165441177
id_z7heeojpzb,28.15197771731852
id_utgueavnmx,18.851639244307844
id_h2tqqtxe1w,20.271473821275684
id_mrdqqwst7r,16.128028252853866
id_5053tusxc6,16.769819734702047
id_h6t5tbsidc,26.525356592575708
id_4fs05d28s6,21.130001188546125
id_qye7jwpbs8,23.54843746810588
id_um00ew0g1b,16.10519956110253
id_fzvy60mdma,15.50028974238266
id_l7u41q4cr9,19.631804118566624
id_26og4v2wx5,18.02223130071757
id_b0a1xu6nu0,18.323016911339312
id_xumsw5m3ip,16.84284385204399
id_3ftig6nrpk,15.774099621093882
id_0ejl66y98y,21.65933033139536
id_ph0mqd3qdu,23.99768322029121
id_1j21vhuakg,25.58222600798381
id_9b866t3kcl,19.19733323140887
id_gm3rhu9jak,17.591371942957785
id_vldjdgbudl,20.39982754252502
id_sg9gnw6j9a,18.10656090181647
id_jy6wca6oh6,17.89072854551476
id_lgnofy6syn,16.452121350677125
id_g1j9pxh5yp,17.3238269966193
id_xoh80ei36j,15.941348003882736
id_g4idr9b72i,19.89389794037899
id_b7cn1tm7jw,23.14012936654505
id_3kkfl60mdt,18.279323180432325
id_3cnzembvt2,19.31440804495293
id_qh3hmxe3vl,16.20871985448787
id_dm2ngicucl,15.966409065732536
id_0pj7rbu5pl,15.978800209809954
id_0b7len9grt,17.019125588901847
id_lkjbthp6xi,15.607023464432803
id_msyur8bama,13.406243505738788
id_r6b4lems42,17.545259747241108
id_tdtmvz23p5,20.815712892526157
id_ucg35myewu,20.820075533681884
id_cpu27o1708,23.0455118510066
id_8g3bfwtmtc,19.723742031975974
id_lvwrewueod,17.665540522449426
id_vjr52dclmq,19.191857915517343
id_74lpfoxs1u,16.559641387536978
id_51ipsqq6fi,17.64996989375078
id_rgv5vz1wi7,12.93144017435977
id_xukt8h1854,14.213482234571885
id_pvjuaozpis,17.90243602395291
id_dpstb14com,14.709168530537282
id_hfo34xjax3,16.937929633878575
id_1xcm67i57m,15.408530846731374
id_5w78ao9f51,15.312004381371024
id_wjwp5bnl95,14.987908015225251
id_q29d5fhap5,16.318241673636614
id_stpxgfh6at,18.69037527851368
id_lp5fau1v5t,20.130076830261338
id_7oxqpk7s41,16.75021333532966
id_4dnmn33ra3,14.478123965674053
id_vxnrc9eyhk,12.774610456835015
id_ysrrbwixap,17.321462439606652
id_yhfx1lpevn,12.717450438140952
id_c6a44pvjv8,13.091192284752168
id_s9f3ml14cj,16.61721138949047
id_d0w9c0xp76,11.165861822736332
id_a9fbexs6qf,14.176860614302443
id_9wzfhpw4et,11.14990071168858
id_ryi27ogtvv,14.324646299493322
id_l4fl7gcf91,17.530182770223934
id_tkvbxrgren,13.097209167948453
id_1wkfcd4q6t,17.30350336774357
id_mc88pd2apf,13.921782252657986
id_00iv2sgwb9,18.506176391225296
id_e7lfbanu92,18.83702166121848
id_1mdkr0dgz1,8.872798184086435
id_evzlq1bdq7,20.730278695957274
id_0fzcmep80p,13.68525801659264
id_dwd9xbd5ep,15.852828404943574
id_845jje9evg,13.289981608519604
id_cbrgljomk4,15.87090420960103
id_xadne3g2dw,13.472946988494714
id_fdlsm6mg2z,16.03863251948256
id_r1w2mcb346,13.474876320574346
id_1c24ja9jag,14.152908754188507
id_h1v0nwz453,20.892623246456317
id_igvjbr17my,11.267728605252662
id_isnin8oj7j,17.26348529444835
id_lts441t4ge,18.100915883570536
id_7k86unkgbf,14.30869284271313
id_xs2ivx2taa,18.19849736768952
id_t8pxhu1lko,29.212541266318063
id_cncxlihk4l,17.081700651798123
id_u3n972yugw,16.08350836034719
id_5dtltk9ol8,16.339054052578888
id_2d4xbl322n,23.785069158554226
id_6ayd3hz9lc,19.971849514975293
id_fhedgc4ogi,22.052947353040587
id_je6xyskvqt,20.1790902164555
id_uqplr7i3e8,37.15382939547928
id_p2mep9skjf,24.046294043600827
id_klmztpbnj0,48.94859583857078
id_w8masqptnv,39.30515891214072
id_uqe5p1fz8i,24.60886621558027
id_vdcliffox0,24.03666453338423
id_suphbrot9x,32.25991444962735
id_qsl9hh9hbt,28.19283425331385
id_yorywxet0a,20.53575304706638
id_9rhbkh8kye,20.077470517550623
id_oh2pg7ik9m,14.406323580590522
id_u5xtrnbshq,35.005206092520964
id_pfcdhqpggy,15.314039998086477
id_rsbolu1d8s,19.062332305380693
id_1o41vsdb40,30.397325352643332
id_bthds7exkp,45.13655353043091
id_u2lx4hcr19,15.57303774570614
id_vt2seycroc,30.875615804044088
id_ev3xsimi3e,19.77799291687446
id_8wsnxwqlaw,21.85207608451761
id_jhks2agjzh,21.916201318675537
id_abc042gxa9,15.89662010096273
id_t39ajz3mpo,41.40488049240514
id_7l7bqpd71y,44.288822439985296
id_k9uhbcg8zv,23.77048240762301
id_kf067ifyeu,16.631172907239872
id_6axl9l8y0y,17.08364715355033
id_fknkdrl6fy,17.129800761465475
id_8gmporna5z,22.35714468735654
id_a4bmoty06e,10.901269538560475
id_czo0d13gtz,19.54845870651774
id_co7jt5xego,18.97967214767026
id_2x6lo1wgko,20.468067698616377
id_9wjap2et51,24.07047251477391
id_c7mps6h2ft,21.50184500406452
id_j8yje9gqi8,13.13608175279184
id_vju59tgxzh,26.079344763215627
id_8lap7ve7md,19.634588709644188
id_pvs9bs83s2,54.22512323863749
id_qdivis4t0b,26.086212488269805
id_6ihg5rmjar,34.45910566715009
id_enahmr353n,37.64869556083497
id_m5la6rz5vl,35.75035696085898
id_lyc6fznfhn,23.458215144301764
id_u15ftwfcl7,50.219883025115074
id_mjaugtu77u,44.747797891617225
id_h1bl0y44h5,34.56115659505328
id_ixfnpr6f21,30.69590046723822
id_37e3n0alew,42.3299840770257
id_mj9599i7yu,46.61760840146539
id_aq1df4iqdu,39.16737908442538
id_2e5mcgpio6,38.72698382281455
id_o99bic4pl9,54.397179817485885
id_wee03f0g34,49.15285732852728
id_ebyp7dsb2j,59.55156510963376
id_xrw2te1q07,58.96974871699728
id_e1pr3nswl9,62.493115040801904
id_20jn6yzhpi,57.22865775103243
id_ef9regkoel,68.16544738522126
id_ja9p3oi1ln,61.91928537695822
id_u4t0meqqix,53.80385991553688
id_ha9378tgsl,62.087616442549866
id_sm9fmjwje3,73.05171063826491
id_pq1s2kq7qs,86.34721867195886
id_zcw88t7w9n,26.86136756313144
id_9gqyxg4fuy,20.48906472703554
id_jlbv1pe7mw,35.103826288997105
id_nqkrnumlsr,15.04445318281254
id_vwov477zro,18.117765931522488
id_k8t4robso6,31.33548501426188
id_9574e2s4iv,41.14773476499187
id_g6sz61x3ui,30.051542451748738
id_65fdu115yz,20.495361008509825
id_jvvhzyikro,18.13887326227606
id_mjtm49jd0e,40.30166589872185
id_qisen8bs9m,21.200078441908367
id_4qcwh32n38,19.32818781015416
id_a1jgk8addq,10.795039733888606
id_eoh9eceljc,10.28845969940133
id_c9l6rfivhx,22.75678597170009
id_ity62l2ixr,18.106364392411677
id_b1kdt1v6wk,20.60044363782803
id_31slek226d,16.627458978501068
id_r5hynclox4,16.90034092653585
id_1zdag4te8b,18.84836174546168
id_9cji7mh5kx,18.939164113834632
id_pgt8lf7tci,19.26799704625746
id_9xwjmedzm3,23.958607625193714
id_qmng1j2b5t,19.16313247002552
id_lsjhv6dlig,52.7106083086617
id_5ei28dib31,19.611499587029897
id_djt23iw3mp,32.80473767583243
id_m9oojav91p,44.34172821710464
id_oivxgblcp2,23.177912878838956
id_0kdvltw7vu,31.60743701671404
id_6w4ajmwc5u,30.012084640898948
id_urkooowq9s,40.012665448713456
id_zj9z4qj012,50.3058326887776
id_8ziogga8ul,39.38581810124123
id_3p9o92k0y8,39.22512215028412
id_nys5746v2q,45.67423545329849
id_lfeylugwfg,50.77857988985106
id_doohdtcpi0,61.11533262826042
id_gvsxbrs2ay,57.75190878805694
id_tazjayaiyz,60.63616499274472
id_zrpmkxoezw,55.43501545130562
id_sqmq0975df,68.2529926056401
id_6lcd3eygj3,68.00437353026226
id_7rpimassqp,57.78831298576109
id_63ls321ztz,62.55571494461139
id_tkciymn5hs,68.52288384441388
id_kasmldlvq9,77.3601461795194
id_vlpyl2jer5,46.03986132385813
id_5qffgu5u3n,41.3674271429232
id_j988bph6z4,40.07850418525992
id_ws4odrtze8,48.039273142190105
id_wtahd5vwwm,41.146515589992575
id_07q159o6c5,43.94503844173738
id_zuwn8cdmpg,46.55796906588096
id_h18pxnwgaz,46.69180626010675
id_crcf47qz6r,18.266259155098997
id_s0472tpnvf,24.16005037774393
id_4x8344brzc,20.439871382356863
id_f3th0516p2,17.53143169332475
id_rq698snr9f,13.525925536431222
id_bqumy9109l,15.983380167173538
id_sa87ndj19i,33.545721793473405
id_l50a8gf4z2,20.05914894866942
id_d22097x7wg,14.48446492490931
id_o0l24mamhf,14.033234753221995
id_u0tbd0ho1d,18.611190342017792
id_jh9oqt4r06,19.707452968643103
id_s5qjht01ct,15.302696064303356
id_9jvayvxhsb,14.894320761857552
id_2ktyalo4fo,15.827370045723235
id_yytme869mp,21.480501161004497
id_qjy6t0mvby,25.236634957800437
id_vqx1ryf2ik,22.607673701801776
id_xlf2632glg,18.12553374360585
id_9ryn26zoyf,19.214350952081904
id_0bhupilpq3,24.06234993950699
id_3oog4p81et,16.36314499759326
id_7pwsq2822m,12.2178546972337
id_xco3eq9ewy,19.31106096513168
id_86pol7d8z8,23.10538657576962
id_4hq1smw4qm,15.537582932714322
id_mwm43tu1lt,18.33285260237497
id_egnnmgvz1t,15.130723328204969
id_ql3nhnzgo7,16.09912090582845
id_6yei7c05s5,17.573815047112976
id_37ncimqtl1,17.28850059672626
id_faigrj26mv,24.546442466617705
id_b8gmnur08k,15.77932730621459
id_uhkuycqlqg,15.933357906286766
id_hda4qbl82l,18.374042814098274
id_l81zesfyi6,16.474434551646603
id_8fw0qddr4t,19.00030710734614
id_3swlrvxi7m,15.949458933482704
id_2iq9tbz4bu,16.8771119849248
id_l3hzf7xam7,18.65269031768263
id_7yfs7z6re5,13.137679513165985
id_3qj7edycff,14.1765529782267
id_zz66kjwki8,16.28950729642328
id_836ugfrmfn,19.67098265263398
id_i7eew37mck,14.521286874130377
id_bxqgoacauj,16.72500757504656
id_0804vchmvm,13.088832744541246
id_o41hevo885,16.13620101904455
id_55ynsd7iob,17.43283791284799
id_xmnors3b2p,15.990649998666187
id_i0vim21vyr,12.1908366284232
id_9q4vgsr3t8,11.371975153423014
id_nzvtf8mk2z,19.29394646324628
id_qxhc5b04ve,9.65304672782912
id_bmoknxippd,8.488426222617278
id_y7pq8dp4ut,8.088521077516681
id_7ibql8i2hn,11.894432088502471
id_tbkdhkji8c,13.549477441921484
id_2xvazzddgt,11.392502884178588
id_vo6tjecx2y,14.296957340979493
id_td1i5lcg9k,15.462547517778594
id_ruc95ajmux,17.80940486593057
id_a0at61dzen,12.127741314846617
id_0zn9uivt40,18.003746585589315
id_qlx50d8vx2,9.962507250282448
id_u6z7b5cbh4,9.267913471994374
id_qruu4eejyy,13.163249338411006
id_9vwonnifzw,10.61430429935765
id_0lnfawjnjk,12.914807922051136
id_31uzu5wcsr,16.56088717542015
id_uzija37zrh,10.801274387556312
id_z6s5np5auh,13.653352103197818
id_p084kqcwjo,9.139175743531435
id_qvm8ttfb1f,15.054511965581169
id_yzoxe0nplf,17.265302700133446
id_n95r9k6tql,15.703093584777143
id_i6gb7eojjd,12.637450665836091
id_rj99alu30y,16.657489783401903
id_qlb79248k0,28.411797276554143
id_5gr1418j07,15.73285788173029
id_mvspb7k941,14.44123349539162
id_w5jw7d4cs6,18.96751441259992
id_ksu34mhpjr,28.21810633793408
id_rwz1uudt8t,22.620238511930648
id_q22kldhur3,26.16501997389704
id_2ax9dk8j9y,32.88809983771112
id_tld5diafyf,23.18087564670488
id_do4asz4s0g,27.419619778852063
id_3alewcubl0,47.81524720352573
id_8zu910kppu,38.65024975256151
id_1s9nyk6u7a,24.494067647275106
id_l88880p40e,21.062295506745237
id_hr17wz72sy,35.903631423902056
id_cjj6ks4lan,29.44662619508164
id_16wvcdazgi,18.25437132968445
id_iq6jofmcl3,13.055629290919663
id_tdu0u91xwk,19.467103510304582
id_62jccue0vl,11.94651141032774
id_3sef84eg2u,11.46301622793912
id_w0f6u87fds,14.04849128589879
id_jwcwkcbb4n,12.713189594473304
id_sipbb762jx,10.552866130189525
id_pw524o2hj4,15.609668784849593
id_qlj4brmgs2,13.168418850186676
id_6fw4q0j9so,12.594405445768391
id_squdps1yn8,15.288508984931145
id_92ijbpy5c7,17.602519560090823
id_5mdgs1tb11,12.822496713387665
id_pq77lq5wej,15.309375694511123
id_46mfsuetx3,11.559084092629943
id_l66xs53vq0,18.495009306551097
id_edk0v1a8wn,17.083880893964647
id_nztzaid365,11.14329739036006
id_1k9uqfcnfq,13.494030749691872
id_5rcti4kobf,13.509450233734642
id_al1l3ahw7b,18.366920425538268
id_3f3rzgujod,17.07364144532605
id_fr4pynhbb8,15.082039495658869
id_rnuqsg891b,9.932023461309056
id_3qw0q1r8qa,13.335848974884149
id_o84bqle0x6,12.394865640260488
id_han5yb04s9,13.02209420480418
id_n7pgevpqei,15.366658591621697
id_j0aw1xyk9t,17.726849461419526
id_xpcbsjawvs,16.580691851554654
id_y8vz7smn74,18.07522525985855
id_xtbriixm7z,12.71622830132282
id_l47atvid60,14.799997309056971
id_gqpbs3ql9v,19.505987907850383
id_mohvibrck6,14.240714014189654
id_m2e2vhsgc5,14.662936784706512
id_6q2dw9x7y4,13.777695587118918
id_r8hora5q1m,22.036847618947217
id_chvslqlmkj,16.39154157554578
id_z8b1es3pzh,17.86039593159238
id_crc6ejtto8,16.647340915608936
id_4hw7jthh0g,12.277612689636326
id_rtp2qosss7,17.57781692038752
id_2keurz29m5,16.275071462696488
id_5f0tzdcdu0,12.828052771882474
id_6g5cbmuktq,14.223320701757382
id_njm4qcclts,12.54069125118141
id_t8gjwi01yc,12.477455273248102
id_dfcidlgn6x,14.96661753350875
id_f7whsdcam5,13.554862528696166
id_hga8rjdes3,13.477489551710873
id_32z89yhhic,12.721426044271324
id_pza69wztdl,14.310819617455255
id_ndfihwmpp8,16.22046514756269
id_v6uj9ttsd9,17.590888044013404
id_qi267vxsvl,9.042899313601644
id_oezislbogz,12.691335645974975
id_yzmptlwk5v,8.939677351707468
id_1wgvveqkxt,15.027252892902808
id_hyunf795m9,10.146043271789807
id_9vmusmwa1w,14.247589568893815
id_7set4vt1jc,7.840130801585204
id_xsuqw4qhef,11.550537984036133
id_5rb2kj08fr,13.16836065079115
id_hub405wg5o,12.488936378497248
id_1dl4uombn1,12.57252931250893
id_0m5pjvhhts,16.76132789334695
id_wh6a14b72u,45.42279672607342
id_2gcokul8h5,49.18349317188385
id_ju5045k8te,43.597996502698535
id_lx8g1rejy7,47.96223061561502
id_xdcw1447i6,44.95120127985921
id_c530clrtlp,49.47047388244101
id_7bmurid7pw,42.80492777441842
id_z2s38nz9hk,47.61408735655199
id_18o8y735s3,18.925242733657992
id_wcox1ibc1u,16.6488370936105
id_8mteyw4ej2,15.71334861273472
id_yhr9822dsa,17.49196885470417
id_kx6r0n5p65,21.4671151284347
id_yll8ps5xps,25.142707832364135
id_2ss6w9mkjs,19.307655833271788
id_dywpbbt1rz,20.60651214461504
id_2sovq337ib,19.109284443432667
id_hl6vkdm5f3,18.620956759762603
id_7rweve2gtx,21.944770914058594
id_qenwsj9ypf,23.047881312448038
id_7tr958twwi,25.025914147507823
id_4pss24du4u,20.680180202342765
id_pvxshz55hm,31.81636184281944
id_hwn7gj0gnq,22.20132859001604
id_34w3aboagp,21.04696950902054
id_slzxbjxpdd,25.467090294033877
id_s9fvyed2xl,24.776198829214646
id_ojo4ns7rvu,27.95133553043199
id_oukj9m9l5u,26.903431671466603
id_4dncovxwgl,27.538907153251984
id_lhn0wnsi4q,25.985249762426218
id_8qzxmyj6yo,24.11370995465254
id_2st0ywh4w4,23.73455532509241
id_32luqy63su,30.073286755389745
id_oew67rrlis,17.441744385776786
id_byzy2benp0,16.542837262514745
id_16qarvdtx3,18.00788109244246
id_uxi3qu4l8e,18.061033260976373
id_vy83bxfo5s,21.269824711844016
id_z7ibc788zq,25.142707832364135
id_kbkbgy18jq,20.18999607102469
id_4zn86s4tbi,20.60651214461504
id_evx591r7y6,18.75210699622644
id_g6ojnnx069,18.620956759762603
id_7zixl3q2bq,21.944770914058594
id_0d9a1agg6b,23.08960707368407
id_3xt09a0de5,25.025914147507823
id_jbhh44km3c,19.600694034130047
id_5k2iegwee6,31.826500453128528
id_gibzm0hke2,22.20132859001604
id_zl5phiqojd,19.40725960939497
id_c15wxxvb75,22.481341685537117
id_dau6fb0sfx,24.776198829214646
id_z9dk6h8cfb,27.9389939056576
id_uvaqu4nzmb,21.843285039098056
id_qpglm1d719,27.08792873365357
id_ct64dm03s8,25.94316821836835
id_is4l5fwjuv,24.149164412023307
id_vh0bwrobbe,24.509639445032693
id_b0mjh0b71o,30.51202380907771
id_0bpne8ucld,23.249063253993874
id_kvvjrrryc4,24.197003931986043
id_n5ybzqzepc,22.511450282538792
id_jaimxbu1pd,22.4598370438882
id_0l0w0orygd,18.184354305674532
id_lv55afmf77,14.5670660603293
id_9mfp6fw6w6,21.934448119241534
id_tafpzgg3t4,22.74098465786156
id_tiipv7kgu2,14.372634773702009
id_kwiv66i7i5,18.772170471680987
id_nl69sct7fu,21.81367848155396
id_l74jt76ryc,22.802484244424484
id_bxgj47nybk,25.16663634741398
id_923xwmt66s,18.862087123493765
id_aq97mswwiv,31.95786137861665
id_4vrb5vlcz7,28.683289838507715
id_xayf6v05hn,22.763529953391107
id_8pk1rf7oxo,23.747121322992797
id_sq8128da6u,19.606511295775974
id_8ihfuq3i8d,21.050563683999496
id_87jd29uf6p,23.1898701685358
id_4xpx2dt8ki,22.736456872600503
id_hqpr9h9axr,18.40938674608725
id_1k55ze4pps,22.232766852929576
id_2znei70wfr,19.418318864987626
id_9hhcbap87f,24.983508409070723
id_hey12d7qim,25.990530064878307
id_lh2vl46a2o,26.14929521915261
id_yr2wo25x72,20.714192447995003
id_t52himkovl,26.20343334233826
id_7tvjar0eff,25.16430817153733
id_i208pdedfj,14.040590085920623
id_d77mj6yxxd,17.011403989650457
id_jh49madd8v,13.008856600625446
id_cz441c0g6w,20.653139268600384
id_l9egn04p70,18.843363421724742
id_aof0geeadz,41.87046319584444
id_l14us4afx1,33.33061177431004
id_cyjw5nlwm3,38.33576220665338
id_gzuqpix1lm,45.62218898195778
id_z09r8zdwpl,17.286344954543626
id_avet97ghyy,16.6488370936105
id_8xxxnyrpzm,16.93023784629083
id_5mzgmww3um,18.08983144844398
id_8vxge8fi9v,20.931771737349905
id_jnw9eiv9ni,25.142707832364135
id_gaui5cuwn7,19.307655833271788
id_bk4agfxg5e,20.60651214461504
id_5si10x4q6c,19.225491587967984
id_e9emj2d53x,17.35494137368423
id_9llllv5i9s,21.944770914058594
id_mndm12zy06,23.047881312448038
id_2pxml96i79,25.025914147507823
id_oi59maxbit,18.42678751556917
id_tf7klyuj5c,32.158495505416795
id_jf1h95hidf,20.25726034340316
id_4njytufcfi,20.52587244387742
id_2zbs60m1hv,25.36337871136918
id_kbe0e397n3,23.61633773499032
id_attl7s5eit,27.794287239146268
id_jyqg51mks7,22.15732828924204
id_yvtlt4qsb5,27.72884383851864
id_ququ54p5qn,26.718353264585414
id_b3olj60ip0,23.946651020778503
id_ucm77r7n42,26.97692159063177
id_i94hu4l2he,30.073286755389745
id_sem18a4eih,24.37371962600546
id_iu4c2k0vqm,25.45225527228865
id_jez7q9vvpv,22.438913912063573
id_0g0h5fvenr,24.17268521325822
id_leyce5nz7b,19.52883894221696
id_ctiuipzphp,14.5670660603293
id_1uq7qu2no8,21.934448119241534
id_ag7p6aauq3,24.0872495510397
id_4v2gdi94ys,15.006808447679726
id_oiz391vhbb,18.20962942664636
id_dkh1dm7jv5,21.81367848155396
id_xp48k28xsx,22.802484244424484
id_8hzzltjopy,25.26236523329669
id_jxwkemji67,19.42943691447569
id_9e6zoef7pb,31.81049941875364
id_kw3reqh73r,28.60090226447335
id_i3soe2f356,22.261445346796226
id_s3sjs08z01,23.66120208971715
id_wgstp1qsjl,19.7561701489776
id_c79996j5ij,21.050563683999496
id_xyptp35mvl,23.169020915718814
id_psuhom729k,22.736456872600503
id_pow9jv5ucp,19.47431801251144
id_6wvbbh34gm,22.11941113738523
id_dt7c3hug70,19.409765309836725
id_j5p89q7hag,23.91194335695547
id_kc953hqc6u,26.076337364324772
id_lc6edh3b2s,26.14929521915261
id_9spkaqz73s,19.668767763715977
id_3htqh6ssl4,26.33926204197411
id_zc1ovm5htd,24.07746298329963
id_w7wwg1utwa,25.93469699593775
id_25epdpbix4,17.96541090632433
id_vs0hncomou,23.118508455627783
id_reegezw0zr,22.343843329031845
id_f6x16pl89y,21.284544189804105
id_9a8jkl3m2r,31.382023947763045
id_hoz5wrgxox,25.91302308030369
id_5ziz8chtiw,21.33530178015545
id_l1g99w61j0,20.448503720670924
id_40onwzmie5,22.643530430956297
id_wplsrqbqg1,17.174458312758308
id_8zk238knxs,18.893089941895465
id_0u52beiaqr,24.14344267776216
id_g8dmi5cj2u,13.093128438384454
id_qvb2pi3nbx,15.792200132393765
id_9ocs33mybq,15.160033044648475
id_le65pdwgzs,15.346963710946648
id_kj6oinfm9j,24.266194594634538
id_tiqxiw34y0,18.327606601107227
id_j5q5ukj913,17.36980994787288
id_wfsqr784ue,18.2072668240598
id_19yb602oya,14.899850188468443
id_p5abbz6sni,20.19584509810012
id_sj35fk9ewl,20.32022641270773
id_asczdnpq0c,14.182627812846084
id_bcoprnh1dh,17.9323339911072
id_4hnps4a19v,20.565272097829837
id_slby4mvn69,18.328036658816952
id_fdcwmf2mqw,19.06364460094413
id_pc2ol1dymd,19.527729639794643
id_72hn9xr2mt,19.762215112923485
id_ooylyenf74,16.273139513217174
id_7c0tvcd4mf,19.59923841668973
id_vo7qco3vo4,22.693337179190912
id_tyda8qzu9y,18.864497655103047
id_qjo74p50vb,15.156187230428998
id_qftdjlnuxo,15.160290327479526
id_8zkhvf7knd,16.305517970227243
id_zjdfiws1ze,14.80509698446208
id_km0396cm8u,14.210298583831577
id_0zb66667qv,19.78227589820685
id_xkul5db55f,15.940302921958352
id_0882wi4vll,20.757991308268863
id_vyjoukh7a3,16.1067504742444
id_mgzj7k2c88,15.78780547752158
id_mj68hapwjy,18.06250995592345
id_4k7w1huz70,23.207918217035104
id_cc5r73bssv,17.70606602407147
id_lpc3qqqc79,19.41154431617669
id_dgd25e5l5n,23.207364611675136
id_2u5h8ssj8f,16.860155186125958
id_qekvi0qhbi,17.08924312543725
id_7t5rwbvncv,21.474020996598057
id_wip1lfenhd,24.5621122373978
id_fz1zlhsz58,13.780452133397622
id_fzhszn9qgh,17.511912494021256
id_drhboq2o8f,11.398993452194926
id_67f2qgxjr4,21.410080962802933
id_c9jyqp5ts3,23.0001163000557
id_o5nsm6bufm,20.266199332049165
id_fliahadafe,24.185192772753307
id_ljzcxva3j0,25.496685116747088
id_4fg7od0p2h,18.93256309194625
id_r0bgionrrx,23.00238214199096
id_5mrclq7yja,23.80827000289477
id_v6ji6xpykj,20.441487007167847
id_gzxccfruiy,23.146780389984063
id_rch18sl7fq,30.53484191054686
id_dycgsa1kum,25.98101728621297
id_dh2z6cu6bu,25.073522319221645
id_b3ij5seund,31.68633677524442
id_tziu881h86,32.90434093491925
id_321qju313s,19.059260732440563
id_dngcm1ubxs,28.046470631858423
id_vu0rtf6isv,33.2292555840655
id_tzfx3hbsak,29.102083006532897
id_rhg9ghnbc2,36.69523716770324
id_9hkqfrhrxo,41.407063886367055
id_1s9fc94wwm,55.18105854126426
id_6l0a121qin,49.65789742931843
id_iblicy6lwk,55.86649609193302
id_galqj45a9w,52.93271749965249
id_1dg8zj0o7z,47.75694236337536
id_9x63i9uu20,38.17955461106705
id_n4mgwkvcyo,44.38507939357872
id_h9o1enzmn6,48.50087535132245
id_4utcad6z0z,18.27035250915808
id_faw7vd63nz,10.985078411051694
id_bfmddpm7dk,10.203390382463905
id_zsn1j1j2ex,13.047227327426045
id_hnknralqvw,11.818764105516747
id_j3s4dhvwvf,10.560042123942337
id_nb9skm42eu,12.717847860969982
id_e30vibg2cr,9.206645247165978
id_hr07rxuwnk,12.436174221566658
id_cckgjin8j4,12.751146838853378
id_1igqyragk7,18.39394226975345
id_pbbqks4896,11.111036928300464
id_yglxjnnnmd,12.876784794575144
id_akkkm90ju3,12.864227205602404
id_pnw5qxgci5,16.88884531401715
id_ed8b146zq4,21.153969230734948
id_dog1qrt65n,12.324981469426437
id_4iko2mf9m1,13.945855264404862
id_tf16irhnxj,17.633917097441717
id_z8dbvb7mld,16.165841459035363
id_hjojye2bnc,11.72252186641512
id_e74fkffny9,17.832298627007813
id_96r4h4wquw,17.068978238252654
id_n8zuiv730d,17.50381376569501
id_q9sf7h6id3,18.37575811335379
id_1ahz3wcpza,19.122202631260546
id_bij6rb0yyc,12.593264509072442
id_rj67797cdl,13.921979394014173
id_nfgy5cs3i7,16.13055540866741
id_2gg9612372,27.194061246287117
id_rd2ycsqjqu,16.00268513199272
id_yhyq4hrrvo,17.54616763475282
id_cugq7k2136,17.47590853324357
id_6ztrbzwf74,16.5605170935292
id_b3864dngn9,18.47297348006313
id_fslinj6lsz,14.712046062759171
id_nr59rjq353,13.840443626841047
id_f937o9uhz5,16.446255927408178
id_pdm9hc9akh,25.39288487024905
id_hlaacmpdc2,15.184259938480478
id_43l5b3qppy,19.99555345916434
id_nhboyjouon,22.22598895484797
id_e9tjlmzofe,22.3270685213192
id_uep5kutr80,18.59813791595302
id_xdu2qkcn9o,15.047349194148978
id_7xqj2zy62f,15.35947482223223
id_d3txp6ww71,16.63931959630863
id_kpr41h1gl2,15.57338353837922
id_eeu9sw0k2s,17.32146404458492
id_c20q8ikv7t,19.596321154475923
id_g8oqjuggsz,18.549539372491683
id_2nq4naxlui,16.83391766319905
id_qny2l3j2li,14.51330387708281
id_vvea9k8tgz,13.83844064214763
id_t009are3zm,12.701521765891137
id_uzuka63dnk,17.605593799820436
id_rkhciqi5gp,16.548407790751053
id_9qs0u03sne,14.808337627447084
id_beoswwa1jg,13.62077630292656
id_6yzetfd0jr,13.29154996726867
id_ip144xmrio,16.802094919865738
id_y1jzpsul42,12.879203748118384
id_irudkpu9cg,18.69938059360091
id_43ve2f04z8,15.94929758879116
id_4gby11apzd,16.983859855211485
id_brzm1fa82q,11.394652036343114
id_cikkzszzmw,17.840654365535606
id_93uc5zchkn,9.5067059235456
id_n6z1o0dpy1,11.586848350991824
id_r9li959sxm,12.761107414821046
id_om1wxt4lrr,12.083356602925356
id_kj1k62c4hk,12.593605008150858
id_x9m9yvh87r,16.647297720931583
id_xraq80851o,11.676427168911946
id_hs3bu1nmse,14.546784912967796
id_w183sk05qy,18.707686003860186
id_ctdw7mpo2o,9.575856192998613
id_ycnd040s0i,16.337083549420445
id_bhghd6qnsh,16.92389641927418
id_yly1mkkcmj,17.153238618644792
id_bhcer2s6k1,10.874847257868376
id_ts9g0trocv,16.420459631931905
id_1qto62qavh,27.76310018590812
id_0wajzy8ts6,15.639924146682734
id_wpu97wbqk7,15.768280759855822
id_zmyx8uismd,18.23487364225168
id_nlxvai48i7,22.82314624621941
id_dkdt1jrmsn,22.793787627754856
id_8kq3got9a1,24.442731434784324
id_lr3rz1e86g,25.937033673296945
id_6kzxrawpey,35.128811522109615
id_xwyw71ldzx,24.093757320727736
id_kkivrvc6dv,30.075184799665003
id_94wuxmw8rb,45.32494337437269
id_3q8sdy56bq,38.40097446019459
id_oc2m0zmgnw,25.64599865997755
id_pwx9pelurg,22.89160902116852
id_acjbfx8dti,33.31501873373121
id_eum8a3klcq,28.94662555788601
id_444jxq8ki8,15.626303998592876
id_fokwurehqu,17.567862982418344
id_20s8fncc9t,20.54926377116881
id_ifa0c3dcm4,24.584541016465018
id_bl23vucby8,18.617232216534354
id_o1949nqyfa,19.53456482996325
id_y3f4c5fs4z,16.676304200253
id_kdox62iiap,25.016525609807577
id_r8f5l77m7z,19.8939619049476
id_6xieqd6sjk,28.598296635569035
id_g3poszpaqe,20.98321609214003
id_tv3dx937tm,24.202235795053333
id_kufhei9qi0,26.101339751851597
id_6xvj9dnlf9,22.736069203730448
id_977w9neez7,27.800141253396205
id_74zzcs47si,25.16385850273792
id_dkzrsecwur,28.72699862050916
id_fzaay03gtj,26.18055287672908
id_2qlkll1nti,23.30228315158075
id_dkxo29nkhe,23.081594840995663
id_8z4hu1lzg6,25.5072943009504
id_bketz8ikkp,22.672862764998108
id_qbn6ng2ro0,24.0956128433588
id_pa1p75uuos,23.74437760139268
id_hgfifx9q4q,24.0440486649774
id_kqxhxu0vxw,17.716687858090275
id_eso5h6en02,13.722552905962122
id_tcnlwhm6by,21.62105338163319
id_2jgdesoznn,24.627555714407308
id_q1prt1nt1v,21.793974705157478
id_bpey1bdu4z,22.026576469705184
id_0f17xoy417,21.640624946520603
id_benw0ms5bl,25.74059669310697
id_ovvvd62h5n,19.25930389898746
id_8w0x0v8vc8,31.435050707951167
id_sr7nmu5cq5,29.30946892542215
id_uz69dxquyc,22.452799632443565
id_058qup1czp,27.329258821602053
id_9xdm5pzodn,20.42262592831588
id_9xiabniu8d,20.67378466394749
id_e8ov3f0ec6,21.51246485203024
id_ztov1dasd7,20.28529359236947
id_u0dv0t4gc6,21.722045018933443
id_vaexseqp4z,18.905510898420676
id_5e4jtn2k5u,24.47698832481789
id_g1f5h70z60,24.5169911638787
id_ei0npa3d51,21.188591161397405
id_w73v97w9dd,27.43172280669123
id_d01h6zb0k7,24.21576453952371
id_hajvhq9a9k,26.26245432162597
id_wfej53asol,18.724256873036865
id_wkxp2kkhas,22.479834576478623
id_4nx3hdlk3f,23.745866540591862
id_tvruaym3ou,22.60511508439409
id_mdja9rpbvi,30.319686982711804
id_v3lg566peh,25.442202303603786
id_5a7one1voe,21.598101503562447
id_uzwhiiojkc,17.690947452256435
id_13zxbv2bo6,24.21456161155529
id_ex6nijku46,19.77082342902274
id_7dpkk65nit,19.2283042689257
id_g3bd1hun07,25.417824984658107
id_suwhca6van,14.110668678671962
id_nxc1tmyyss,17.96263640153269
id_eikgi2kr2q,14.329442709645114
id_n4o71g7yok,16.47161313002441
id_mpq671lkla,22.724223877168875
id_k8se7sutpt,18.771344713057356
id_i92idl2arl,18.12303343524001
id_5ingz959i0,18.36148538279648
id_bgw3i6wwpf,17.91789022308924
id_80ixty8tal,21.17444835084213
id_0a4e9fjk97,20.58647729565984
id_lbmmt6ea89,14.32509470739656
id_c3flrt1zuh,18.599908404281493
id_cvs2kktyxu,21.57933432911317
id_7mtozwwc20,18.43314605077604
id_dq086pe2mx,18.76239957812
id_3oa251xapn,19.73102150227102
id_felfdwexf7,22.76354021011352
id_hxzxzh2uah,16.392438248526183
id_7e9nhjb559,20.442545103529497
id_yjzowwtt3y,17.45081128356631
id_kc77exs6rd,17.735459983752573
id_du9zmbgca2,17.139424475630463
id_j4jhp6ymgs,21.14581891473857
id_m5the81w7o,20.52835152877529
id_1s8k0qheno,14.497978101155908
id_b6q1wkhds2,13.96948775120246
id_cz225gdeoi,19.71963532352076
id_8lkvzskxdi,17.527280232527374
id_t301lndtpe,21.99220001285117
id_uzuzt5hcyv,17.125696714538883
id_6n47hvxwoz,18.130943669926477
id_294fhgybq2,18.62839589848149
id_pvdki2lfbt,22.666975105197945
id_5yosfti35o,17.795191194686232
id_tsf2ykay6m,19.068932468024496
id_pddkles1x0,18.358133034136277
id_ypzvugg3as,15.816145336284016
id_ol8i7nv30f,20.65172413797013
id_md132uwbf7,24.859746186551845
id_b2y24168l7,15.160073969999251
id_4yvwmu8cxe,15.480946281648492
id_tmy3b6ts38,13.411985181206278
id_cbq3vn3m3o,20.802288918161555
id_a8umfjb1ge,18.83215765528164
id_8oqx4hgwe7,19.572245998667555
id_y5f8v3s580,18.897627818452484
id_6kf89wa993,26.08074654443041
id_h7yzht6wq0,19.141514197800927
id_95brnbo0jo,23.7604638574503
id_4hb5judkxv,23.229844436149733
id_xun5oyhgjo,19.59514782294254
id_kckpnat31g,24.015944228136195
id_otccfrhvvi,34.09006714272107
id_jn6u5c5cjp,26.22995275432552
id_v933ue7kf5,20.57337608311287
id_mc2i376rld,32.60417968712273
id_9r05mz0idm,35.047392279023015
id_3wfdiqgoxw,18.743975189156444
id_c1n58uu252,28.19560856010444
id_7p5lepxj6a,32.702101666717034
id_lrkr587gkp,28.11101353656268
id_kvnb8ekvum,37.26792999705268
id_mqv32adp5x,40.88541344277668
id_20korskh6j,53.9029536090038
id_78f1la773c,47.82647075535513
id_9jtdzf7kcs,50.943703021098806
id_52juzapqcw,53.30610659620417
id_li4wcjkc21,47.644742833582185
id_bwle5dl0sg,37.67448931154644
id_7jqcpniwxn,43.637475311300165
id_5jbtohx3rn,48.847402492991854
id_odokt2hr7x,22.614929586509184
id_kw3winhwi7,29.496672473321794
id_jj9rbh612v,24.691116287705327
id_26j0qg7uea,21.97538746538648
id_ycnpcmmjh1,19.58326575236656
id_7vaqpmlhsv,20.325896538451
id_c9cup5eoxe,38.0652280179469
id_rxl64ozpc8,21.30064284803044
id_wlrwnnkbc4,18.67722996305452
id_5v07yr6kc5,21.429282928933908
id_twzj5jj66k,18.912679520020443
id_72mxu4su0c,30.95623937466357
id_c25uc85sjo,28.64934428392933
id_ouv903vao3,26.84108460400064
id_zyln20zouy,30.8266113167578
id_gl5zw040r9,21.87753468839819
id_g8wutb862i,25.479373593499574
id_s8gpkg7qj6,22.66706900631345
id_rmsthvc1sd,22.477702054433717
id_ke99qjo5z4,20.088279010006037
id_77oq3gka82,21.130715309305288
id_d4rug7fs73,16.79963056843489
id_0q4rgwhh5j,25.335406629674495
id_6a84c2y7xm,16.668063518118636
id_6q6h59e1he,23.26999379772933
id_dv8a63xtc0,18.09882161441149
id_27ono5yevj,18.22157263148084
id_v2r3sg9n1j,21.47795233288673
id_3p8yrwj992,26.17569057945949
id_wk8q5ydpwc,24.117337824946
id_xddq8x5dw6,26.449183934988444
id_sharv68cbo,19.874865172183394
id_98fux0thhz,26.176491273214587
id_ago3payk3b,13.38010734818043
id_2bmny3x2l9,16.280953840708257
id_br2ieejs8c,17.421814736435266
id_weseav1xhv,18.49671818424943
id_qwf1i3cj7r,14.502878097132468
id_4fdnb4eyjk,21.187476702290915
id_khcy0c8nrh,19.314022664623824
id_kjsl8ka1vy,19.13756339461
id_1s4emym39i,26.74307312846241
id_cfswxplen7,20.658070372866977
id_ri3sgqw5vk,23.814307016374187
id_w8xmcsup55,21.46546182322771
id_oskrymtnrz,20.11671192437158
id_a5nzunklam,22.263136106467865
id_okj6k5qcws,34.90362032124219
id_ja07tx0n94,22.339857960351424
id_1cu5omuey9,20.31693169681672
id_ph274c2i2p,26.17876175695826
id_sx300bfhv2,34.44201737986239
id_xlkeen4coj,28.09369877813846
id_bhdjsv4g5r,29.89142022721941
id_doxq14mqw3,33.642795761330454
id_fbog8w5ysl,38.96018583271631
id_nf1gsgtgns,27.425930205526985
id_10f0mij1yf,33.837799278263326
id_m5e0u3d68x,50.75641523112228
id_x6l5iwtgrd,44.19012118932677
id_eyx4q4fnev,26.66174134074227
id_4lfxjvfjkw,27.374646752891454
id_32u710vh61,42.35771251496424
id_zsw4618nnl,34.46379799500552
id_tzdmb15txs,15.123756204056964
id_6ngwi1vl1h,8.998488115761578
id_cqm8i6ol8g,10.448681045224893
id_l7eneup5t0,22.228266830460694
id_sfbjw9ec2z,11.541872506219844
id_j7jqrbwmi0,11.003719004640809
id_wwdzrwgr58,17.290788371906196
id_kk82r8fpuh,8.311036380556647
id_wat59la3q6,12.349621153046046
id_xhxsyxysbf,13.113002367598822
id_actuxo4gmq,18.398212870657048
id_6qitjn8c8r,17.65906485015194
id_jdquy1lxet,19.493740388098463
id_g5325vgzzt,12.061313996595848
id_c4zrpwzc4a,14.723186614153285
id_t5anmg4v7v,18.50327438491716
id_9af0ydgl1s,16.53194779876857
id_9wwxdbqekl,13.170045942640732
id_dtzemr8b33,21.399696745330203
id_qye7rb9bbu,19.200376069357908
id_1s38ze4v8w,20.10561061611484
id_1doz4c69ph,19.44347339313256
id_18tg20wg54,22.09247880545494
id_mf6s46v1uw,20.099341800309936
id_krkw3iqkf6,22.44475587834472
id_tcql7qm01y,11.261199260309962
id_czit7flk3p,12.68259382194577
id_67vafahcsb,15.884007255950856
id_ocawwzqkj7,26.287023730887757
id_6hwobiyszp,15.534458035920885
id_3hit2vt54g,14.8240025445565
id_kxjx8xtw71,26.01116974655265
id_ujvrrf4kx0,16.842276602018877
id_p7m9x0qpi5,18.935778226703487
id_b2w6gxhazp,14.598699922287848
id_0glwf1vle0,14.684915957680229
id_h52hj66b1j,16.663125119847805
id_3ykb55avzl,14.470887299526984
id_4140yukx35,18.7529293967354
id_ejschtytb2,16.081199369535693
id_bt8l5o5bpc,15.59523357881505
id_01tyqteuzb,13.391951954698564
id_xxtlit8f06,15.221499703612428
id_neowy957qe,17.225621146840663
id_ld5ad63fk4,18.723893086804843
id_9wphwvxjbh,20.489804390459604
id_bjwf0gk35g,22.32465882425946
id_nk6t94cwcj,16.81803898165085
id_c00v9db3kd,18.324306219049944
id_qljfbbues6,13.98365313438156
id_8l8rdvtd4z,18.11907656602637
id_ucd95ihefb,18.267553053913037
id_1h25lc42la,15.649160368969198
id_7rkgygr8my,17.43207605585342
id_qrzcnk9cb7,17.638176836652683
id_3osclzuma1,19.49271079859989
id_j7yo6gfpr7,19.454207976231935
id_m8zu1vzawt,16.775702135524206
id_bjboh76f83,16.326682632314224
id_msmgdqfiqk,14.507213603759327
id_9d9nc0plgr,16.93541702423995
id_fnstzi3enk,14.337341962873072
id_3h9gnh7is5,17.816239983246906
id_ymoxc4wuvj,17.40245268282171
id_diweogvo4x,14.585267405417625
id_wl3mu9y4pt,13.568215021324496
id_cypiwo10y6,13.910481199437742
id_qh3anhhrlw,14.292306557970411
id_83z9c83r5i,13.344700467334071
id_s1phnl1iyl,14.67482845292614
id_uqoypd8y4s,11.913832902633263
id_e1c84vnzi4,12.22544493691328
id_duvrjwe7j4,14.124967067917304
id_cpaolr5w71,10.29735374289943
id_0gez5n5up3,14.188220534159417
id_4dxpvc7v0t,9.053341559621012
id_wy3b3kwp1u,11.69518657509246
id_kcz6mx2ftd,13.285699084823602
id_s2azjdfda4,11.427639237959683
id_7zq37bq2m9,12.391824818814454
id_80ps7kboqo,22.150793003958054
id_wdp8cocu50,17.128259050049444
id_gxnloqrtfy,8.866500284191368
id_98zx0ydmal,18.07179014488854
id_ikydapbjg4,11.292009168344348
id_x9csxregb4,13.696239665384567
id_x726sqebnc,12.636681407021984
id_embux96a8d,11.864715381732005
id_n3zi21eakt,11.245732730160723
id_cmzvbp4gp1,16.68580029875168
id_lh42zi0nvd,13.737610682602131
id_lq6ofubnzh,20.281002110182293
id_ak1gmocab7,23.92220207234301
id_j2qbzdu60r,9.215962827072316
id_4s7frhrx0s,18.53189332395023
id_swwnl6ehwx,17.805912424373574
id_0dzgrhmq0i,17.5350006157663
id_bblmv4qbuz,13.478186295512533
id_ns1udfi49f,16.389032569543176
id_3t4mu9h9h8,27.6012700664416
id_np2i3652hs,16.557492612956445
id_0m1hyk0i2t,15.049257894202494
id_47086vwi8b,16.395237619745693
id_w1v8rlefq7,23.22834474904061
id_p24h3f2r8x,23.49957685298197
id_dlxm63a09x,25.53066597327588
id_ri94vbx6vg,23.201350243522285
id_wi9j0eune9,38.33962953006778
id_0z2yz02gho,25.358831738138004
id_013dywijcw,23.560327690353333
id_whd8ue3507,50.27584689722221
id_wmd6txw3qp,41.73349689907062
id_2uo9nruooa,24.20490644084529
id_cmezkcvthd,25.056470599536087
id_k00w57rr6l,33.71036161253869
id_rm817jen6a,34.62595840593999
id_l2wquc1lyf,10.11687243443474
id_f2ayymfg06,12.703587863750574
id_2xwro4u4ib,13.629753505300547
id_s4gcy5ldea,9.791330690950623
id_llxl5vedjd,12.644414467857006
id_ra9rzjf8cs,9.125587904163751
id_06it7wxay5,11.920328477797804
id_p358wai3ar,11.555349322937577
id_63q6x7rc50,17.93198624189192
id_yrqlregvfr,10.80785274003034
id_6ey2mcbqfl,12.23574989928415
id_xz9gud04ug,12.962180151809203
id_upa56c1xqo,16.400373844055096
id_apci48cec9,17.73173602649177
id_ivaqozbhfz,19.553206631904665
id_5r9lkzxt5l,11.843893637328964
id_q9fyy5hlug,24.130030154339217
id_fia47n8arx,20.89709226129615
id_c8ytbvxreg,19.12063827260682
id_715d169b93,22.26913549831244
id_i41soezu3u,11.343039440848482
id_ghl9lkmkbc,12.51329781852723
id_jhwg78mhs2,12.973856969038634
id_mbp1opp105,26.327339709110877
id_tpecaex89x,16.05774965389881
id_gkqkcuvhn0,16.526400708289334
id_jl7cx8vnrz,17.549870379128688
id_z22ai1ufxc,26.149937220078133
id_cf9eqd8nio,16.457206970021588
id_4nvfqr7bwz,19.228988625679808
id_styx2evpu7,14.748960252007976
id_r4qfxsd6qk,15.219581951658974
id_6ula6jqx2d,23.68506637400461
id_ab11cvvhj1,19.610825466946267
id_lru4a7apze,20.34255274335065
id_1h8qiqvba3,12.634769642649625
id_jocn99q8x8,14.032717891477173
id_yqd8by9too,18.000602713792325
id_3vo780asu2,16.98468515857856
id_t8qspqxocv,16.14247470924623
id_fxt49fthrg,14.089361453138958
id_9hsvvxccfs,15.4978963198541
id_mdox4e1wm7,19.99400465124804
id_e0v37gnrdc,22.085624831171778
id_4higx88y8s,21.5873967741364
id_dzdczy4694,18.04096074705657
id_b9cls7es48,19.024380412742197
id_ii1b1vx3v6,19.52248343692733
id_qjkp2dhlfd,17.157907733604432
id_4tycdb5q0i,16.061479427747244
id_enssz42xj6,14.75579533375462
id_j2lnxkjgor,15.207971573201467
id_d1kz51qzme,19.0343749300716
id_93y706i4uo,18.458505735622204
id_uo33uxmu30,21.060171619520727
id_42uhyp7b1d,15.296406139173438
id_557lj2gncx,17.138168179618702
id_g646xm5v36,14.352918561832194
id_3u2zh5sctj,14.974418874083105
id_88m5txqfk0,15.619310556631795
id_636veo7myp,15.375703489636212
id_mw8i11x4p5,18.307507496734296
id_i01umxhgoi,11.414906448043215
id_7htzho5nfe,16.338281916927784
id_rqvyvvqjjo,18.554096042394573
id_3sw1g6ujkh,17.771126370559678
id_7koyjh6lyz,20.04734287074425
id_h33dmmxmxt,16.35700671355378
id_b4zqx3ey2e,15.421680280026385
id_rigbnum9jj,16.59753569527004
id_hwnk2tvpjh,14.715725805916389
id_3djm31ze2k,15.30541911290414
id_y1b1v2oco9,12.508195746677025
id_uiiqit3mio,13.105795714212723
id_qjv34s9tgs,16.70145592776636
id_mw1dkfs5o5,16.529907010118205
id_zgolsofwkv,14.954238826245826
id_gntve7cvte,14.334701103118151
id_mv1hwwypf2,13.431945360757911
id_66vowuru12,13.668445348926012
id_718x53xw5l,14.385095571277224
id_y5duq02fcq,18.81539074092489
id_nabflglwpr,15.938536294369426
id_m8gl9o5dbz,14.32714578427868
id_s0yzedmwy0,10.235842895343836
id_n4zpk50eng,9.82928522976948
id_bf0mqyujkg,18.231712036749897
id_db6l9ymytu,8.190309452067432
id_zzhsplt3ae,8.35551651432554
id_gxvybxvz61,15.435160482485404
id_2hrjgfgo5c,9.174468614460068
id_qnvbhvfvfh,10.898718462542414
id_f4j4e8toay,13.181005874469289
id_yh8x8izood,11.76407677729616
id_r9gbkhu2zs,15.012184946478689
id_hzuko4hsbs,14.07014286693422
id_4akcsf7v23,15.346888542776782
id_y4a4bry0za,13.04196402685435
id_juefa18khg,15.924421800197765
id_8pg965n9uh,16.496569560728087
id_c1qncxdk14,8.99038655199474
id_fxdpjby57j,18.117145833724447
id_maxuuv6qwy,10.05608670041367
id_hqp1zmq2rl,12.645011181551924
id_7mmcd60iqp,13.58866666151515
id_5f3qz4huj9,12.27529179576432
id_m6vn47j4ge,12.441467597065172
id_mkyjtq0uj7,16.634865193376157
id_dd1qog5gsu,13.19695682414259
id_yltiy4ct4b,15.632567255476529
id_l7g3rwiyu1,19.562202894830374
id_y0nex8ki95,10.310538749130876
id_trj4ropjy6,16.699472523769145
id_xkfnw0mcvh,18.270536072783276
id_j7zs6cpw42,16.94763504792261
id_o55nqbxkhg,12.916494584875444
id_l3neq81nk8,17.99808114094731
id_ft7ki0jjoc,28.254391889419345
id_1doie955wo,16.25010269541535
id_pap3jy3v7v,14.288726404603793
id_64zbc8ou3g,14.47004243339744
id_1ssvmd37d4,22.991656449815583
id_5i93sdabtx,21.6095602517477
id_5oej7jiuyx,23.38149601582893
id_es0jy27ww2,24.77346957178114
id_ze9u1sfrwl,37.11698842392705
id_3y84kki549,24.309957174456912
id_glm9sjal1a,24.81685772717313
id_kjp8dcqhsa,50.85955025052765
id_2s4n7u9qbe,40.173560171509536
id_57l2n9hbxk,24.462575912260704
id_0rmqw3hqow,22.860410510756388
id_uc46nrbgzu,32.4759844576767
id_zck6gqoy8o,30.954068433572083
id_kmohqwxbue,11.743620254995704
id_dswkvfgg96,16.44371709490074
id_72kefc7g3s,11.15864949989547
id_fsdqdwkhec,12.801861050093146
id_yaf7kh6asz,14.113264889530372
id_d3xd7t76g8,15.622036427841625
id_ekxnkkalys,12.953254527559766
id_foo1qhnhh4,11.540357169306988
id_4gaub27eaz,14.729686565874818
id_u8ysh8pwg1,12.349210082703106
id_zwxals7wca,14.259808971551012
id_qs4s1l5v79,13.63306908200627
id_k5fj3oay3x,12.840651728558468
id_3bwp89pu3m,11.85416841188296
id_e9eglkp5vv,12.264392500536456
id_t4qjrlzxns,18.37678528975013
id_kn8xo43og2,12.644575906683958
id_48859izqh3,13.876796094894134
id_9967xanbmk,12.006593256916728
id_eh3ys96anu,18.896051840751017
id_5bgqsh9x4k,17.38876817098409
id_jwouft46is,19.452388988810643
id_3ck9tvimgh,12.298734200422158
id_n6s7duali8,11.892854023239623
id_6kgl1almmg,23.818520239971136
id_gxefptsqvq,15.29999272155748
id_ygnr1sn381,15.323167453636108
id_v3y11kgwad,14.460564718142852
id_q2fgzp3xx3,14.458929296766607
id_s7k292eya7,16.105976362269715
id_jt2rysim4p,16.65832866265808
id_yn9vzuflej,19.91834781330579
id_362cko5nwx,15.28096641189826
id_d9dv3lr4k1,13.03060624878508
id_10un4lyvek,16.20053591711527
id_z0j05634v8,19.261728942017328
id_txhxlogsxn,17.154057050812355
id_18c3488pxk,22.030036356523183
id_la1ypixght,17.691690656100306
id_t9njgxp6v6,19.591919025472134
id_b8yn1i9rx8,13.201301495626808
id_o2y4vg1agv,25.80754331058817
id_fvx3zhir92,20.92747117341336
id_nfj7rfs9a1,14.739727583276355
id_b9q3y3r7t3,18.916328374096224
id_yio3jfuvmy,18.106156370901623
id_54qfk101o1,16.8049646492193
id_vox6mwiloh,14.634170145309906
id_u1xceey131,15.426282724195111
id_dxpgh1o1t3,18.685005867776823
id_2ujws46vir,23.07634610014029
id_2n7hyhtkrb,21.432668351068983
id_4779bmeme0,18.516081247572505
id_b3eztfwajg,16.418914856853707
id_f33f3mdfla,16.540656657383174
id_xkpq6na5ee,16.26124632000291
id_3ihace1d7c,15.30673300481934
id_z6wylocn17,15.282064828231254
id_pm68i3c3wd,15.190132851923495
id_trjqjao4jd,13.674157753834963
id_1w15d7g4ge,19.03436690572901
id_3aici5cdi6,22.71304038587177
id_kbloxrog5z,16.64441315730896
id_ovmpiycff0,15.509385236927148
id_ly3xdcti5t,15.41625737389675
id_qb0ptrppyi,14.60216791969368
id_wxb5nd3qgd,14.673236092282137
id_1ry1ir7o6d,17.66341477629488
id_6wbo7y25e7,14.545985771327924
id_tse3bpfaes,12.283001845706275
id_9n988uuhtq,17.46856349099543
id_nzhdqdkc5b,19.12349031137394
id_4gabr5bciq,16.97858021377643
id_dc61oe5crn,20.367342744970024
id_7lbdu1bryj,16.080822828885463
id_mhqk3070i7,16.10081124578361
id_thtyylis4v,17.067593688071085
id_5iiheoohcw,15.764981866731215
id_vjiqa7ykcq,14.735557014331487
id_638vs5aq61,12.312006233317527
id_6cjnt5825x,13.589260497484478
id_534km866kg,15.915410580334862
id_fzkvzetszz,13.656457527496327
id_uwuc9e0lop,13.93933979373806
id_ncfz0o03wc,12.774218653344295
id_1sd88o70w0,13.773593658410508
id_9q3xoxtkc5,14.29286507395783
id_9xf47hwalo,11.44002119302727
id_c9e6k7t8xv,16.48195191799725
id_60hy4zghxo,17.263778144721588
id_vcj2pr28k2,12.503447020952349
id_nik15zq29r,17.031338255652024
id_gbsfx2i90n,12.19446859352616
id_sm9wfzdrfb,13.75969670833755
id_wa0hhql9xd,9.517358932834096
id_xyicbz69wn,11.341302562989892
id_fzfp1gfiyc,14.412819180286055
id_6jd6rh3joo,9.420391596623691
id_hohuu1719a,11.72195671487898
id_45rgo61j3e,10.250470790911915
id_x29n2ig0by,12.748076609865532
id_6pqpt4bc2y,15.624604536825844
id_kix768jdnh,11.817144091606323
id_p4u0awuwyi,15.692902467460804
id_5pkc8dc3pp,12.342486441415865
id_o8g3g3fyi1,17.13140495542891
id_gwi1towzf6,17.519346390191323
id_tl446ky5so,10.21816433469644
id_fv0k1xke9b,19.83009000969157
id_17qgwq8hor,13.79846396203795
id_h169vb8h8d,13.2659214833319
id_vuv2g91m7z,14.174465257759929
id_o62drksqmp,15.196933376833224
id_uvitqz5bhf,12.302248721721904
id_x1v4xuet0h,15.920969267019956
id_jr4seoen2w,11.523367805217566
id_q1efjaqgq0,13.844252515492492
id_ji3o8np61b,20.58095808268277
id_vp8mci8xh0,11.01493143826913
id_x5f7i7wjcu,17.53421272153855
id_eej779rshs,18.107831621473714
id_l9g1xrh5vp,19.14369816659847
id_9qz231bbzd,13.728049121256
id_3jf3q7rnyi,17.602973627508245
id_y2oiminmvu,26.9293192513738
id_kj1d4jsmhg,16.595453384410337
id_b9dbh7l628,15.479239185787405
id_qkxd74j593,16.483249415621348
id_f9aer27ojz,20.100111155410147
id_v6ovtq73uh,20.209199589834515
id_dha8u73072,21.44492113237704
id_5cdrvce6lw,17.988307950093443
id_05y9wpsdwc,23.793400271223373
id_ty03p4f7jh,24.685446468754456
id_4rxcuqqsqp,44.835834827530384
id_x8pk6xpjba,40.11294622685474
id_rjgh33lh9s,25.45917648754954
id_07eag0levd,24.249162888059114
id_vxesong654,28.145903829040883
id_14j7bt588k,31.992337944850348
id_f63m71zrb3,9.71339048737175
id_o0xatx0hcr,12.489783185006386
id_96xc5f8bgh,11.197994716258162
id_0t0yv19f1q,15.428305667479751
id_dih5frts8q,15.95335025144092
id_trmmfm32qe,11.133806554828324
id_hu3sq815oq,13.746895180804753
id_cxfmqit9ap,11.035885919230374
id_7izfmpd326,21.792938570823395
id_qd0tkswd2a,13.573477070325447
id_otlb3hargz,14.635196725409376
id_st47fowvrj,19.26324618864625
id_4h4pdth392,17.6198246383493
id_g8trb7wy8n,12.192441834056286
id_1wx11gvom9,12.758044065780668
id_rvq5ol3w4x,11.582102961755028
id_7sttnrbjre,20.62757913502496
id_pip7eoyzmk,13.548603031248916
id_lb56ukrqt0,14.319427996291164
id_0hyearkq6o,12.136194629677
id_mr6v3oygt6,11.608793510057977
id_yzbu3830gx,13.660833545219871
id_94p4j6yomt,15.680443164206435
id_53xsefo8ab,12.011414245144383
id_ymuv4r55o4,10.747035932646073
id_nqkiglgq9k,13.289967749025944
id_q6e19plrfx,11.093205068484997
id_poxowfpijt,13.22982612206116
id_qgt2oyneg3,11.635150040757788
id_kr9teempq0,11.813805412559988
id_q43rzgs3e5,13.073363345593762
id_uk0j14fgpq,10.9419973752679
id_h45ejiaqqh,18.73121783386143
id_u08b48hrcu,10.4580297983762
id_jdgiv3t50o,13.481676583148014
id_8h5gfrz1ja,13.978062220000828
id_mslk5ay6w0,17.39860303988227
id_y3hecd28lq,18.24480508768105
id_9cmmjowuen,18.8888730516636
id_3clagfxagj,11.935902363959045
id_8sttc3ns1m,13.704806308173838
id_uv4kyh58kt,24.38741886597543
id_zmu5hapnm7,17.199048767374993
id_ybt3e2qbt8,15.779350929561105
id_yvdig97vvd,14.831784967446424
id_wbsyjlsxkt,15.524257136026495
id_39gbv940fx,17.196348990798164
id_78sb1wtf1t,18.9148334447444
id_o191u62lgc,20.3708379072141
id_na0qbpl8m9,15.296972473715988
id_daa5h53t2o,12.885234285076644
id_z1zg8tcsm5,16.220103128488443
id_dkvf88hlsn,18.628009314620684
id_qltsdtf4pb,19.716390521323778
id_rcnbilmlv3,21.16244788453594
id_rjcx3o5cyf,20.56051647517628
id_dcvlcfgert,18.867750912164052
id_jujywo4op0,13.90211505832865
id_dgbg639yj9,23.48828585044292
id_rifhty9d4h,18.854063758053385
id_4cz74rv8a0,20.78488755203114
id_rjuh3wooi0,12.736660287265416
id_26raoqfw3b,12.21969608386209
id_yleyy5sp4g,14.263591163362744
id_7lq42pqlpp,15.505044612556723
id_x2m1scwodc,26.542114470941904
id_fs6ppj71si,16.67516846098395
id_0kq8v62wnx,16.81445950625822
id_qrf9ul8pfd,18.605010847889726
id_7k9rf681ac,25.4782110628171
id_0urpsxojw7,16.52924973843122
id_oj7le10r8n,19.072336514814214
id_8w44b89inq,14.674482874273052
id_jooksgf7r5,15.44768210662716
id_zjwzzwzjvp,23.900484896279732
id_hit20lvy91,18.25124677395532
id_yjzrxrwvr1,21.391026942544187
id_ba1airy6ru,14.277740626258442
id_fatkzdj52m,14.026109056069847
id_h6j3ijc59m,18.365145358420644
id_r29rhi7ayb,16.402402562725065
id_n2328yoyny,16.647546160109933
id_2i3htqk8wu,15.74458176587512
id_y8t6iz10zy,14.99114780519364
id_j2xlsmt1az,19.785566070394616
id_zul4loljtn,22.841961908627248
id_5lfy1u1m5t,23.619390946274446
id_4r448lp054,16.629688480003608
id_ks3yurf69t,16.12169613626758
id_xlx05ev9ep,18.834711336795586
id_ybqhvfmvb4,17.403441758654992
id_osbg0v4o7k,17.082560859894578
id_34amm2jgt1,16.45817321686991
id_651jn1ycqz,16.071148642109627
id_bjh20jwc0s,15.354044157047856
id_ev56qyrn6d,18.203100129059912
id_8zf79ts7q8,21.66700481470069
id_fsat380gb4,17.102279364055395
id_5y6h6w77t4,17.910592412322842
id_ux3m69xsv5,14.66701580896863
id_4y4b5x6oqs,14.382825109868838
id_4cmqu4avth,14.429285514163045
id_gd9bm0av1u,15.645396707154264
id_wkp093zyqi,14.715020420047232
id_ubo7o5c61g,12.263520456195115
id_da2q2o7k02,16.10430433505322
id_sfcmtklyr8,19.142197432906105
id_qon3ototf6,18.618906409267357
id_b1pwwzubs1,20.90497491158533
id_idrbyq1iwo,17.173633909302495
id_eo5tner8f9,16.742176197715175
id_dsl16jenz6,18.12117877508082
id_v5frf00iux,15.15758817905067
id_tijwl63sul,15.582354775626714
id_4nertyfo2z,13.09711051069594
id_1h3y0ycsbh,14.033685843458672
id_5ew52k2xfs,17.856069073017228
id_c1hedne5tu,13.73826679460012
id_drxgi1b55w,15.03430284534879
id_b764z0tp5c,14.256463433607934
id_n3ksb769k6,14.522411346769395
id_jvruvalbrm,14.026340534878504
id_qv4ehj6p1w,15.262715958532048
id_jxdgurw8vk,17.628360088402836
id_2ymafuhxw9,17.24233835335987
id_xgqoe9srqb,15.38451314190382
id_swi6t9g6aj,12.891968086915822
id_ttjz1pj6fm,11.285533793374476
id_8xv38j3a4z,15.413528691736758
id_yrqtamezkd,11.37877212072032
id_dzmpo7xtkf,10.763060894036537
id_u98r20l7ih,13.47773567451024
id_15w4tm2lvc,8.82221529982749
id_f2rhz6xl9n,11.161229960258616
id_so3qn2op6b,9.564312989865831
id_j5evcz5irl,11.246242968009833
id_4hfhscd1n7,14.771650991390814
id_akaaqo1io1,11.906995036193823
id_677lexrm68,15.175880227340318
id_4555ud3olu,12.203909369011877
id_b0q1fq9sgn,16.939718387639676
id_lbljktjgzg,7.431754969655842
id_ph7h4vs00p,18.386387725813112
id_8k0yeqq8re,12.266802374937466
id_0z3pcoyibd,14.63239508606904
id_riellbxfqz,13.265719200753214
id_22067fyb6o,14.20663843710516
id_fcxnbnpbtq,12.87389675024452
id_058r7cipy5,15.219995804967075
id_58g26ly3b3,12.277858694826778
id_hfta2jdk0t,13.050406713170696
id_l0z16v7e6t,19.91687678591361
id_z696ot1p1u,9.224525878862233
id_ok22kq81e3,16.51708206369364
id_8c4sb9ee7u,18.0674430406683
id_j83bo3ks17,17.418141634075393
id_8vcb1z1tah,13.308061197529511
id_cfy6d3jhx7,17.664032118275212
id_krv1ca6cfb,28.694022882964504
id_3d0miob1p5,15.710038799279888
id_iib9ayuluh,15.445484584541084
id_t5k9sx5xqf,14.878857409234136
id_zkw0mo1z9v,22.28486582007904
id_sjwqgvoa6l,18.441029672504797
id_vzxomw7xu0,19.639369633587712
id_ig9ksmea4f,18.09284929810089
id_p70jdvpgtu,33.75578471442909
id_m0gtw6nh7p,21.87344944895208
id_i0y6y5f0km,23.13901866861005
id_hyf3spl0wf,45.921446581104135
id_rshwplefjs,36.106107495857096
id_3b0x2a5kdq,23.288939857112517
id_7d9vzan37b,21.262725735238703
id_1ma4lggm82,29.51821312874442
id_pym8ooemqb,25.114265370601583
id_b0ww1vi7ut,11.752970253256704
id_43huts58gh,15.979251540418174
id_ivuzjmumge,16.689432795922343
id_643x1kcl8a,16.276306111845614
id_8c62htwyf0,11.255341245288632
id_gbcegwehwb,25.404685581686756
id_hx6qnu01o7,25.40243909180412
id_r69gk2kevv,17.11216437044326
id_rfr69eoy4e,18.91877029359442
id_p815xbtmh2,14.252383522418526
id_q4htbc3mv4,15.943115516177812
id_3qu1qg5an9,20.611162706168997
id_jxt2raj564,20.252402667825443
id_whkxth8443,16.54134176644964
id_r5h0grolrb,15.548808314746086
id_gqz444p0t4,15.789560689607086
id_cm6tbu9klf,20.64021411591345
id_6gaw1mpb98,15.261520419041084
id_mi6cveknqi,18.36020825797129
id_hrztm9t3ga,16.30685344538783
id_2f9mvhe5a3,13.09076060471462
id_yrz4dphzc1,14.123288318549395
id_zngjgoo2dk,12.174840166709906
id_pxwxzopg5w,17.648139467668475
id_c40jzd2xtz,16.925896514017868
id_h0w3y9kfum,14.950463423149234
id_78loal24ig,21.154518008043368
id_a6zbnq2jfl,17.871362884621323
id_dwojdf96vz,11.824542305629516
id_kh8t0u2ykn,9.211161988784603
id_ulncgfoozq,14.04265043549711
id_bhaumyn0jh,14.940397155236909
id_75yu6r1ix8,13.166815831729762
id_nvx1ah4m6e,19.611405730458728
id_4szygx4nu4,13.534794037822769
id_cfhk723676,20.343964754304352
id_rt31sygm68,8.916399490697076
id_dwxwdulu8v,11.76805425195066
id_dclo8jsxow,15.40401276594937
id_u0imoqh2c1,12.54334451708052
id_a4d6g1lekm,12.523205415371953
id_cwv9ah2kuk,16.259469424128383
id_1583r9rcn9,14.228919498079303
id_55v93496t3,17.618129710072175
id_p6iewno0go,20.745712634599933
id_a3wluzck8n,11.99853509333026
id_tg3rfg73mm,16.943189680565958
id_haijdo7a8j,19.85535786908064
id_aukksta5ut,17.461431651655268
id_vwfdch92yw,14.202148899362747
id_vr9rjzdio6,17.670740731525257
id_hq9rjuwiqd,28.90494158444684
id_plkyx8w8df,18.600296880535407
id_mps4kqn7xr,15.968458098266174
id_ohn2jvlaqc,16.775759559977914
id_r2vvygjx7z,23.67101578247822
id_8ythlcs4u6,23.458013857743595
id_wgho99po2u,25.10598400082814
id_y9o3zgw71a,27.140322294855032
id_5lp79xg2n0,37.96596063508821
id_vni712633p,26.192242942211365
id_j2425ljqo0,25.06390118744401
id_01j3m051aq,50.7481933684544
id_r0n1tbsc8k,41.70516899511351
id_y7ffq95y6e,24.045401235912152
id_hajr115naf,24.72002715731676
id_vvmmry71u1,37.40906891772005
id_vp5euuu0a3,31.09585333592995
id_cu85lbcwzc,18.25437132968445
id_p83lwl7p4d,9.198376285848855
id_xnvv8228h2,12.067902433039356
id_t8sup9cci8,10.822116958020478
id_ryshnzfv4d,10.504854903713456
id_h8xe0d6wnr,13.75738718601404
id_y3i49rn3cl,14.59361922821058
id_q2e9lqyx5a,13.518283278180895
id_rxs1idu9rd,10.574100320204623
id_4oegd66w25,14.039484869507342
id_bb5wq93x8f,12.452226666905794
id_52ecm6umwm,14.061393317064953
id_8dwwuytb5v,13.420413236092624
id_zzjc7k91lz,12.543918652349005
id_13zklidhjm,13.840476385100311
id_3987oyytgm,16.26717286369958
id_vrhp90mg8w,18.083994941535803
id_qxd7crl1kv,11.16033918217142
id_c3yqmpgirm,11.619701903280742
id_m04u0g3jmm,12.186993142820617
id_oh231618a0,14.866526997034011
id_mq7wn4kpnq,16.824447071522073
id_1s9kt1d46m,20.73678414910085
id_o2jovbwixk,13.327223687376296
id_lbks4puqps,11.08464636205034
id_s12qsk2fm3,23.39254290616976
id_oy724ak7cq,16.04110256987807
id_g27rgw6pl8,14.72896220103502
id_uvlutbrlhh,14.374443797652896
id_uejyos5gh3,12.863180822184484
id_9hys0algtd,15.83119746595064
id_ga16h299c7,15.414823655425485
id_gxrrg3cnlc,19.574152200045937
id_7mz1vu7g4g,10.585902326027458
id_g2fmh836nu,13.267561787375447
id_yxk6h4ayeh,17.124167841628662
id_unsewqvn1a,18.562743710466545
id_1e0dh5jqvo,17.293005170722896
id_ieyz0z6h0w,20.72185194840149
id_t72jq7wg7f,17.065326624559034
id_h18rx6y3e9,18.563434227391884
id_70v67oh9n6,13.59407776158526
id_jmw9nldr1w,19.7392229492274
id_484spy9w6i,21.19969050231621
id_g65c62aekm,19.0274938089278
id_wv3teofdra,12.647885314969518
id_inx7pj1zao,10.931667804095545
id_ny05t5mh1p,14.842009900069083
id_u5tjmpvirk,16.05827390442216
id_svoeh6do9g,26.375338901655542
id_m25fiokemr,15.942836810047636
id_ot5b3e3mun,16.32315344013626
id_ssjjy0d17f,16.286794142036147
id_yru4k5km7g,25.232777895287427
id_gr9x49t37w,17.185974291763355
id_dmyl2a0wte,14.328222049426252
id_hc5646p82r,16.33073494212297
id_elm57z8vqj,25.71342118203891
id_u0fstcz8di,20.767261459065203
id_qttfy8k8h4,20.12636018288376
id_o3axo0etr3,17.780200122079457
id_2q9jp9vnu1,13.590356414313964
id_q6ms0le9xj,18.466623387756187
id_f93eoya8id,16.10471017386404
id_hueq8wmyii,16.514923365668686
id_lf0lyj77n1,14.167421194042292
id_luf77c9for,14.4138615874668
id_d0ssfcbe7n,21.053350583427022
id_qec98cuhd9,23.41949305906001
id_kj1jee85qf,23.85623417020031
id_tegcy3ymge,16.777458916844136
id_qtt1ub0cqr,17.789396479034753
id_f0n6fd1fzf,19.348638687264344
id_h1ar66egyc,16.707997312659053
id_81jnrshsul,13.822984077150045
id_jcg12akmp5,14.25313539272208
id_aq2pxbmh6f,15.077864428198904
id_e0qqf76fzh,15.487137930145437
id_wg4g9os7j0,18.901740331734366
id_3oodaxb9y5,21.400647776141795
id_kbmagd8awo,17.065725426194142
id_j9h3i8oh4m,16.242163861847715
id_hasyime9kt,15.817156383985376
id_sp1rci8n6i,14.865762374198082
id_pyl3gv21d1,16.726635304634513
id_qal583nrjb,16.42269351049164
id_0jahn21yg4,13.620550869143116
id_cdgc01qbv0,13.46789623010053
id_i6rcrq03t3,15.218481211934543
id_8u55jf04b4,18.520622744426333
id_m6pipj4ki2,18.4368138601422
id_gy8s836zbx,20.965829721417656
id_0uh4v68wol,15.74876946025294
id_7fcx2np47p,15.330213323937148
id_6wr20e0qhu,16.51436253358048
id_tof6i4dxr8,14.749529666460347
id_k9y121i3q6,16.508393156422233
id_ufnloy0p6l,13.735521872534742
id_bmbz4ag2h4,12.731129655619856
id_66fiqi3hb7,17.816230444033
id_ao488ekn63,14.070989207293245
id_qa08032ux2,14.643247799151256
id_dksj4loxk5,14.923043808783236
id_xcnbk7we8b,13.038130593207692
id_d01xs14b12,13.520167788755654
id_gtbikppc9b,15.345759509131607
id_vexdtontsk,16.759623870335552
id_i2u4lru5pj,16.943969278722204
id_jd4dzel6u7,15.14241448371228
id_lpa9r07z8b,13.09839406212632
id_51jaijw22u,11.215796921245154
id_banl3q7xba,14.618808542317334
id_vutwngujan,10.944854640080605
id_8ymb5tnc39,11.112231933914044
id_5o92himecd,16.29484820289548
id_j65gxna4nx,9.706075556645986
id_ox2wsaw3ia,11.65126718221354
id_k2707sckem,11.989650619554729
id_mpj0lnxacc,17.00658965748235
id_xp21rc9wlj,12.48874273068865
id_95qlrnfn3m,15.309172123471948
id_jjc390qqbh,11.349277015499966
id_5q6ntj5feu,16.627005776391655
id_ulrzxc6or4,16.22658639435415
id_wyvwl4bqdu,12.547005228627462
id_f5b42pbalh,18.810164057147745
id_3piuxvnarz,12.015830724578285
id_ujdq27dnuy,14.470024762982062
id_o3842mf5fv,12.112944787165183
id_vt4p2wegs4,11.40229753465212
id_z4g1p19t95,10.82229178318258
id_bhmbzfmckd,14.910054986715004
id_lx1nwyvve4,11.281293313545277
id_4nsm6zzd4h,11.600185620833516
id_9jra8eod1e,19.032576487982357
id_qbc2s39kpt,9.166353888839597
id_hwtnn2m6nj,15.590714865437064
id_xmn0zn0jvp,15.501072014706663
id_5022yedndd,16.465194490006077
id_wdxog5yev9,11.202788115845678
id_aokky0eeqq,16.372460274375136
id_1929ukjz7m,24.804600713684614
id_6ezdibfpl6,14.98520944960679
id_muark7nz6q,15.176598127283167
id_l6s3otmx1p,19.61122845400575
id_evzd01c14s,17.095327604636577
id_h40j4g6lko,18.45165325349793
id_kn6e9u36j4,22.51733008792857
id_8j6zj2o5v3,24.69058512624708
id_mdql0oe5vo,37.9773349407037
id_0ejmzowt7c,23.130783984620777
id_l7koi9bqvu,31.854025783384635
id_zq9peruavc,47.1259605675138
id_w9vfge8zvy,39.89708950855542
id_m1u3t8z35l,26.673036644485705
id_2akds1jali,21.403385751931847
id_wejvfo8xac,27.72604063401201
id_wdhrtx9pfs,27.4252580902594
id_ss8ixmpjdu,16.681419591979214
id_8v78f3tzgd,22.695684221941537
id_1mnkwpnpkp,18.49964760665294
id_jxl5nffktz,17.18508022682787
id_k4hums63fu,20.131360996253026
id_cb40n09vwf,24.355298548574844
id_ojvdj9l7ir,17.025680555177452
id_8xzd5q9b2n,33.33949604843407
id_a2oil7cfw8,22.39595960729548
id_3eb707sqy9,18.75051062492729
id_fqpoallv5t,24.62942458447283
id_a0lghu0yk4,26.929425469985787
id_2s5h4jyu48,23.548362123230422
id_tfr1w48698,26.74306117227291
id_jw7cwte35h,24.09471821341329
id_4myw2ppn88,27.98532053925087
id_nu2j6ezn8a,20.239625935360976
id_1pi7rar7w0,24.23431272882667
id_lp1eem68uu,22.531690101339755
id_i59r7imuxn,18.471262273750483
id_jfhvjfzvfa,13.586867188962309
id_co08yelk6i,25.000218282836663
id_ozh35h3nct,17.81388133737985
id_cf9woqagxi,17.887541656171575
id_4pbhg788eu,20.60271668235783
id_xqnx58hv20,22.612485997691508
id_g7e6fyre5k,17.36223089306589
id_i5kwutfr3y,21.4620039724487
id_xl68jb742r,22.85842881244901
id_dcvf785h1y,24.276828882849117
id_n38vpdzrl5,19.380489444878634
id_8520840u02,20.61769520154436
id_27mp59yu1m,19.9596135527124
id_053nn3pbfz,23.913505496568888
id_1hkqlxmn2v,26.703415283323487
id_h8b77jfadh,24.359883502298853
id_ohfvgfke8w,21.17257022419421
id_i89aiadf4j,27.22281935853993
id_dczobb4ttq,18.20268014073556
id_xu9ib17loe,26.84152703324526
id_i9njn3noh7,21.93587873570593
id_90v0etup0d,20.554365826576326
id_9p6b0j3eu6,20.980980352182858
id_xbtp6hvq7f,24.39513708111376
id_4p48d96fhm,17.395119644436562
id_34ll84rx9f,23.43022697032056
id_xvk1eas2cj,23.11531326417225
id_u3byzh8on6,18.72259557775488
id_9mmhnd07no,18.53105342383984
id_tf59fmc5uk,17.991063718910105
id_eu8lfqr566,21.233534275161
id_quspwoer1c,22.59267144636061
id_1udgdtpt4j,23.48509578107775
id_mp1wgahaac,20.19551016578573
id_ah05rwmnc0,17.138500241737862
id_99pzz5yuak,17.177025113527574
id_sts4gl2h3h,16.367401970159676
id_wkw4zd0vo6,21.90319906969719
id_42mzemmqf8,12.487713709764355
id_pfup6tmwcc,26.10219898676766
id_g57cpderdh,51.07162167134607
id_snv67pqv74,21.232702612947413
id_9htd0dd4o4,16.983239081540326
id_wvy11x9u8t,20.594704189107283
id_biytotjie2,16.173465805588826
id_xtb5hfw6bd,19.51750097576508
id_65l5hak91b,15.487361544326593
id_16p4qjzi91,22.2736826413965
id_fa6j0h18yu,22.421055044030307
id_0hpi956wos,21.1706084544963
id_6llaal44lz,30.39628719092908
id_bg7586se6s,24.04305410337914
id_dr24ka6xxv,52.443002035626506
id_zova02slaz,19.118142940013627
id_4aa970r08o,26.74498814524809
id_5v2k81ndi3,30.50796904670904
id_w0w2t7llmy,36.94226716675764
id_3v0pkvcpfh,20.275168716276465
id_5jyp9jh31b,48.59549837013651
id_s851gktvnq,40.55063730200223
id_0c31rjprf8,35.50194196442136
id_iclf8934dw,30.92638653847682
id_i0kzmw9707,49.8013053126516
id_mh8gne9yti,49.969870752302725
id_ztrwp444jx,40.034854725711945
id_7pzbvg9uxi,42.21056820383036
id_zyh4qgghaw,59.07673920122239
id_tirnjget2u,43.22152787295255
id_f89ptvm1ms,61.93992758969484
id_s5dy4d934y,59.174506198805
id_0h4f1xrjyj,59.730375238896514
id_rbat046yjy,55.37700491830111
id_6o66xnm1yu,61.467696603983065
id_lv893wwhs3,68.32548961183025
id_t6381wgsi2,56.13119183097399
id_sgt84ewftt,60.004984109568696
id_hbt3rrighm,65.82507282490627
id_gmsjw4fd0u,77.9935958799238
id_rfko1do0hk,19.786749544703905
id_zbl8jgb2uw,18.08151730270577
id_1syuqnv0zf,15.370907097249352
id_505znfwne9,16.271379908866653
id_64xsijlwga,21.79913628296575
id_np7zxu024l,24.732225233565927
id_72gfwpdc4j,18.376823750795417
id_0cmp4g2ubt,20.748447456409163
id_e6wx5c307f,17.582232543068447
id_05luzgibct,18.380075488738825
id_13vd6nfqlg,17.042289164716454
id_dk3pcbei6n,21.701401104010277
id_b98ce0qkq8,26.03106525375036
id_dul45idm6l,21.462836872932783
id_t0xjo4dade,31.113252533018574
id_nk6tuv7y71,18.8322467782126
id_eg12ovcwpw,20.49207530193924
id_hlwwfh3qu7,21.423228447625267
id_kkhhupasf0,21.96086120842115
id_gnh3lx8tp0,27.784666504928868
id_k9sufsvlha,20.54227043012811
id_ars5keh0vw,25.7126991530934
id_r3gn7hnst8,26.9365013094576
id_asxb2wtleg,21.056639945719716
id_zbfwtwc0o0,24.03667638293605
id_y25nozzr46,28.026159928156897
id_hvslvvau3s,24.365350093308585
id_ow5f3qjobm,25.345627698526933
id_afzc6ul1wy,22.956140270358777
id_xk9bv6spi8,23.4644680499306
id_cd4wv6i21d,29.990896595269355
id_lhe7t7ml8n,19.318129201135317
id_atxrpetdw3,22.214875675774767
id_0aj1mxix9q,19.85157454255654
id_no5yjlcm3g,20.15179238317112
id_bjvx3ng7q9,19.8760345727831
id_uvoli7jkk3,22.90692770958315
id_8le9qqlixz,23.172327603581323
id_a3jcz7fc27,24.587310157065296
id_793ke4x5e5,22.98361529258525
id_loljxr0mo6,32.62255647407181
id_0v8evpy2qs,26.710486721950016
id_0bmqcvks9i,22.50331101527567
id_ug9e8wl8h0,21.53369773921964
id_aonmnfwfqw,21.805960247881178
id_9h7w4b7oww,21.73959827930305
id_6gxul944md,19.782810528779468
id_8y3pcwqv5b,23.745752688325524
id_6gvnwx27b9,21.82763892415923
id_w0zxvghizq,20.36141741527474
id_wmscdo85fe,19.138367680575747
id_xrbsdkk2c4,23.86123556505119
id_pcqx5u6le6,26.297879045381585
id_6smk5au66q,26.06572983726212
id_xmzhq3a015,20.958962032520013
id_ueml1oc6xg,26.06718928687881
id_tycn46bdt5,22.78499431478417
id_uhm4o38ksa,25.91234487216989
id_zz4zc4dfvr,20.61254677508076
id_3dps54vf0f,23.037015794151948
id_hp0ejuyv3t,23.08479803106385
id_qod41j7e0e,21.83442411110096
id_4s4s9ljllh,28.96095523260704
id_8vmswwvy31,26.048105203246347
id_hgbeyzbqa9,22.206895383038542
id_9eazgq4i93,18.30605427866228
id_15tfvndhja,22.80152821052821
id_akw3lvhlr6,17.4079979541891
id_pdrnzevlv5,18.12127371731469
id_k786vuzcmw,23.86748941597361
id_ii36qck65t,17.872906886831725
id_luo9wejxo5,17.733622238144818
id_dv7y922sze,14.522849434048643
id_zcs5e5jjv3,18.476975805783287
id_nl1ahmmrsk,25.49962887719396
id_n2j1w4zr7n,18.241040552242115
id_edhr3ruhca,17.634031589707064
id_gqpsd6uict,16.918710166577693
id_qowgzlfn74,14.56462748879654
id_qs2l2xtdjm,20.051238148936616
id_4lrdvrygkh,20.09824311585311
id_auybt6kold,16.025114261716723
id_ufe7g778jt,16.63609968308223
id_7324fwd9hf,21.74860399469752
id_sn73v8vz1i,17.728267980141844
id_ojcp5cpvj0,19.79155187408444
id_op1s93i84z,16.012270591844867
id_io2lx9odns,18.628222267564063
id_06zbl7jtc1,18.526749475284937
id_1ttiqk66yv,15.885854351346914
id_4pt0caxqat,18.1107015799998
id_ws58vo2yzn,22.34124428256454
id_tce3ozp394,19.688500389647515
id_q7t9b05o1s,14.120809610601231
id_awrm3qdtbv,16.025148298587006
id_la85j0outl,24.453634985242655
id_i6yqhfapf6,17.246247369668193
id_snwy8kzkae,19.063612713807
id_6v79axy48w,10.397925908178108
id_4t3anhqio5,15.397829542159368
id_q74mccdm81,17.64037375661864
id_ikn6e0mpzz,22.36550802789282
id_v8txb18kd0,17.465975738031073
id_audlh8gjcf,19.21624296423843
id_zfs5kudqv5,26.15994934829086
id_rz81mldmne,17.444538928958686
id_h4oa84i9r6,14.982776285440195
id_htkc980daf,22.355509379258745
id_66wzrdbk8j,24.39280596819098
id_p8oxssnqa5,14.543307763485355
id_thd2r3g438,21.0560528859153
id_8ac2fo3bzi,11.384392886399242
id_9ukm2znbos,19.95427321502887
id_vq9e0a0452,18.440991485618294
id_8ao6r0by2m,17.64992980924589
id_hgrtbz1nsy,25.40698958209463
id_7dyx4tphmb,26.64859820099089
id_int2pnz27d,20.67290093083889
id_1gi9fmazsp,20.79676682260004
id_5dhzpnfsc8,26.045481018671808
id_olg30s5x5y,20.27167282003751
id_t5523jtnh4,22.102234903965694
id_vqcahchrt6,30.526551294750387
id_fk1sa9hbwa,22.821684520042968
id_ok160agwht,22.45984325614428
id_xu17k53yq5,31.882215302930348
id_xmzcqauw3k,33.14468417484454
id_aour5rgxfv,17.16683808759492
id_nujzd9pafg,30.12608849237864
id_icrv4paofp,29.28247614020995
id_9yatzebc2c,30.64649648476437
id_gtjn6hxle0,37.36360792512959
id_m6f7hnj4t0,39.772783479813015
id_1v1fi85h14,53.419365751928936
id_7sp5685ieu,47.16022916721414
id_liqr0uwqrd,49.62610585158996
id_03lwil97qb,52.79107087125708
id_b3j3fd3rmh,18.21317882578177
id_sifhxybxky,10.120762128347188
id_hz8r2su7q1,12.31037166356034
id_idsihhjz6g,13.36661830895603
id_o866qvk74p,12.53830067261265
id_0u1n7gtyxp,13.13953715843879
id_lyrsajp3xp,11.75254740506715
id_bzccsloevv,9.537494085791687
id_9c9z014n0r,12.906709871006331
id_0che20octp,11.08367297328983
id_8lyeumoumq,11.18764343766329
id_9wiy3lc33n,12.325229243807902
id_9a78zekrny,13.003848937197503
id_59yb1kfkkt,16.90142803815602
id_5qugn6f0n4,18.314793954178757
id_ch556d7iza,20.7734232801446
id_yljh4w9iu6,14.906919194949666
id_cngpsdvk41,12.236591415094514
id_cpc394pksr,17.410877112986274
id_9e8yludv11,16.690598814704984
id_wmvjf8lqx7,12.024308918587137
id_fxa58eejly,19.052886906192448
id_lrnh9ds8zh,14.043097486503395
id_14c1s7ewjb,15.844600531366591
id_8h35d7as03,27.308598187119493
id_pirch232ad,13.227273617469477
id_l2k4cwt2y4,17.847601243809507
id_bv77jcdr0q,16.002115385900918
id_fdqc1chspp,17.01673462823569
id_62ln78y7zw,18.4262448719802
id_r6uupiy606,14.047182333203535
id_pkr851vgsb,14.35119329283867
id_5dt20d24kt,20.839779102963547
id_14iduc4f9l,15.306106530220188
id_s0oyk7nplc,21.09508053169104
id_ohoxj2ghjr,23.496410638269
id_lx42qav5js,15.750885952012869
id_7y4q699t9l,17.220590318765616
id_dp3acipvh6,17.611895652450354
id_t5pefcc5b8,12.684856586990744
id_lpt30pg4he,17.4200252063239
id_3t6sgybjdl,12.765841695362166
id_9n0a6kx46d,15.155586777723974
id_slvqhia6kd,14.27272526730204
id_8ulyzkbx2b,13.54668563923207
id_jo0fplisra,17.98040459562448
id_dy11ridu3w,12.590224725277364
id_3qf6thp1zq,19.72402581418176
id_irq21mxj78,13.515066702403455
id_w2cuumaw3w,18.643451874687383
id_nwr2vpkoe7,12.705231354275888
id_u3ih52igtc,9.653096908622611
id_o1esa8wsif,11.977841614649543
id_gwxneemm8m,14.291348156861844
id_mktr6ix79w,13.089198684001362
id_2ptvfeal81,17.259260370873854
id_elkdukvihq,13.96326823645586
id_qwk4cugilm,15.978066609671728
id_1oz3u6pwhi,19.54999694749966
id_y0xvef09vq,9.946545493518911
id_23gmc7gsmv,16.423208356169667
id_r0m6c354qj,18.29171879430749
id_r0sqad4l78,17.668568919835685
id_ghdqd5jsd3,12.392205706601596
id_x8bwqtepbs,16.91513005552363
id_ya5dvzycq5,28.424791920131845
id_9wue1vw0je,15.01575904115048
id_cv0ocjo7yc,14.835639898573106
id_tembu3gfxi,18.6000638334499
id_jtuteue33p,22.455253813679125
id_lzg90mlb1v,23.122292044406045
id_z5sz4wfbb3,24.20713843413277
id_po61337o0p,27.100142523156816
id_u3ds0qs0ja,34.87983911468819
id_ux2weabz73,23.514815765261996
id_8ew9nnhjzb,31.056148089465424
id_lpk5vf71ew,48.41845907664177
id_haz6ywphnk,38.855770017925536
id_7r1kfjjh14,24.31682142871988
id_663tkhfuc6,22.916404095190853
id_z9c1h7fnjj,34.067985539572014
id_9dx037ij0q,29.06643308509267
id_f67k2oy6ky,47.459017974348896
id_cphmkwhhm1,49.842218959679336
id_jhqjrinix0,45.171872548938296
id_n5se9alz2t,47.006261484354965
id_lcbe5mxkum,12.75300951466298
id_4fe6r13wal,33.074131650773474
id_ijzj8r2su1,18.654196624279415
id_msz2inba0v,35.25930058776098
id_qd11jjsx2b,15.52932274916069
id_b47e89k3ve,18.066976560490552
id_7mb9t9x9tu,40.4722859784267
id_mvbhi84jmq,45.908975811938575
id_3yqqem9nei,13.946807203651892
id_ivvauoj9x9,19.952759943626905
id_3jy613lg44,28.17574341252856
id_m91x6rqccu,19.65556854543974
id_8q076jp0mr,15.80893328152996
id_4zcmj012is,29.74716703604692
id_kpjiqdh6zr,18.897868736006
id_dfajl055xn,20.2987311206954
id_frm2rh8uv4,9.585562414044244
id_yo72un0uym,23.10872452846621
id_wa7g7cyrfb,18.271627803973693
id_c0600luvkg,19.20037629611681
id_55u72g0c0l,18.02421755930472
id_efc4gex2lq,20.101674919242207
id_cdwfcwcj48,16.763529315557705
id_yc1gty3xqz,24.35736066406471
id_867am351jy,23.90236693208248
id_sf4b9w2jdc,21.00336976085749
id_vsa8h55f8i,29.308211432268223
id_ovpfocbku2,23.2384476430743
id_xbgzqf0szs,53.94858969953106
id_15v5x12fo2,20.906666027264
id_gxgs0b70cv,29.647937762392143
id_g13m7fp2dp,38.94633163790197
id_cav3ox8jtj,39.13589887747001
id_vhu174dncs,25.726175572572156
id_o6tcsfwljz,50.23971039048786
id_98jqgum8n2,43.44597407254562
id_m9og9r3r2y,34.574675807608145
id_abn9ddpwtj,30.931605186167143
id_4zxljdntpc,48.19742437701476
id_y6howqrmjh,48.62562476919828
id_5ke4foxu8k,36.167104183896384
id_hjqgkm27l3,41.50185340216646
id_f5i3m6wxqj,46.80105131087665
id_j8hsu09w89,48.31070045956977
id_czurwxut83,60.9946007556245
id_prz1am7w85,60.81500952320464
id_8bkmhgqh7f,61.39248256494447
id_yz3ljcsheb,57.407577210798806
id_ss72nbk35w,60.92020095800152
id_gix31lwz9r,68.97580375174849
id_n5jqluy02q,55.7135775423516
id_vsz8smmdv3,59.81415285309196
id_hg0e7skz0t,65.72248458201075
id_esawyovxf1,77.33880300862967
id_hc62abtu6k,10.934655744752876
id_r8r0rkheji,17.61736889691343
id_xlindtdnz2,11.445541486675534
id_lnjrpbezhk,13.017390490844164
id_mgtu4ilbfd,20.591940413879264
id_5xqaypkkvs,17.582803813187
id_w3so8j4bv7,11.907128632409169
id_7w1zp8cjcn,11.415543235791104
id_67uys7wrv4,13.8041155567808
id_r17gddig0j,15.03099117528006
id_e3vuqck2h6,15.898449983381784
id_fhszavu8ax,15.571977707779316
id_luamixbkgq,27.124134536977184
id_kqm2f56xwc,17.14465809755393
id_zyxetqm6wu,18.054092396110725
id_dz8pj6oclh,14.779602006104476
id_adeyv5o4f7,14.691215516330573
id_fz6qqj1h1a,25.945222341334244
id_n87wj2ambh,18.82508929305924
id_f70k3emlx3,19.880319259375444
id_vgoievdbtz,15.658913917157737
id_zh20dby41t,17.937300427372588
id_8bvi6lu9pe,17.05010619409349
id_q160zgg9me,13.782692173535017
id_4626is4jb1,14.166480574181303
id_yb12y6lzfu,22.267554141335754
id_q28sbilqoc,20.782070546342453
id_tum04j3i0k,16.164452969407364
id_rmvr6nrclw,16.51694066092754
id_htvqxawa72,15.15794193160773
id_fz1uc4v5j0,19.199860141907443
id_7b5p3b0df6,22.880513813427783
id_2g79ep4pkj,15.8866144382836
id_iqortjdma0,15.685657680382098
id_le8f4g0pzu,15.174549325025724
id_ekpzp4t5c4,14.549852822929738
id_gesmljsvjr,15.168767336758062
id_psei1suku6,17.612282164586652
id_hqwm0196vz,15.543131127941184
id_69rxifzt35,11.297520879108449
id_4o96zxaznr,18.027920304564347
id_3wrfo6380m,19.65585589763508
id_1fty7ttimn,16.48641220972098
id_c57ji3ham6,20.395774177384613
id_wvw6k6vp72,14.762321138391403
id_0p1s7vp852,15.059310847489767
id_b52rchktoy,12.416775894792403
id_xgf7g7nfe7,13.604039056828578
id_sm7nxaxevr,15.725548105705156
id_pyl58w1gtb,15.120689260553718
id_nqbx4rommx,12.682337681640009
id_19wzlmlzng,11.23135921623807
id_z1hdqiwyma,17.21777866821943
id_5mgd2i895h,18.817272303660417
id_60a72t2cay,11.02488752480838
id_a66evs0aqw,13.204693467517338
id_iuiyr65rvv,10.749057670006897
id_eaknqbzf77,11.001706743057868
id_stb9gc066l,9.167355860012584
id_qaykme2vjm,13.083468081196507
id_dt2xwaz5io,13.531298801467155
id_733wbi020k,12.344324431222589
id_m1jmaidc1m,17.64161114866765
id_iq7tgns55s,17.830350326204023
id_fyy6i6j06h,9.628223784465368
id_anv4htdeo8,18.719899969479258
id_f1xdbych81,12.411451632287031
id_vjajvq9znt,12.805158251797208
id_sqcw91cgln,14.280999185953297
id_w0kn8lsfm6,15.24083640790437
id_d0y2cmg99p,11.92254842159428
id_c0lde7ws35,15.424665834191384
id_nkpuzearf0,11.354813831010247
id_dny7wqpwsi,13.034661773993768
id_mut5ylxif1,19.017089804682755
id_6v6apoias7,10.245319703327796
id_aanbewd75e,16.846126774184285
id_g3wrkoouk4,18.4456026357492
id_nwndwrpf8o,18.9224908179848
id_21ug002h0q,12.550746220673352
id_pd01tyg62p,17.536002779762345
id_wcb0ckggc7,24.737072838288505
id_3xfe9y6qy2,15.955309790214423
id_sg7nyshurw,16.26383580525586
id_fl01fpudeo,17.300798217407678
id_oz6t207lje,20.861429392929185
id_yq2em36nu1,21.31695053884426
id_fe0mlkkqtt,25.31946122047068
id_1lzokw7hi1,20.643780618878488
id_1pgeidv7p1,37.336595963007504
id_lbrv1ljzfv,26.351741241077946
id_ws4vk1maeh,22.07941849620516
id_lkjm5o21jg,45.3391582222738
id_esgom4jjh0,40.06973726938935
id_5wgz7hxu3q,26.47094072124186
id_ce45fi3i9r,24.496263167307006
id_e0fmjam36n,27.63486127375831
id_t9gpc6cl08,29.73640979149597
id_4e0oh24nij,17.062940650091015
id_wcvcujkjfa,18.00788109244246
id_959hw03dsc,18.03354536743437
id_mfcbkrkwil,20.87518633972654
id_it7jxzllrd,24.782959056445016
id_8stz7b6m3b,19.69066230047756
id_6w3q8g9iws,19.424070188079973
id_w0ee2fe65l,18.77269826923638
id_fhgz7wzae3,18.953528038961743
id_w2rchmas4e,21.56833765909139
id_jmo9wtwu8m,23.265389469653908
id_uerluxmuy9,24.829755503879618
id_22yl0qw8q4,19.194484297631384
id_a9oc6x2g72,31.826500453128528
id_qbhgqc4yet,22.086098511396013
id_rn6vcvicw5,19.327550932408997
id_ytcdi9ix3q,22.481341685537117
id_qzfdep9u3c,24.937710508697727
id_33pv489fe5,28.03980813837576
id_u1gjjizqyk,22.55870696282533
id_w4rf4iv383,27.889567109295538
id_3zb1zekfcs,26.65689834725467
id_ertzpococf,24.149433845797443
id_y6ouxkmf0e,24.20047448098628
id_q4dvl9exoc,29.93903096265116
id_imi2dyvmxc,23.272302138764815
id_8flbm45nba,25.524872330021072
id_0d93zxtus4,22.09904709912733
id_xfxo3cb3tu,22.63099002692169
id_h8j2nrpseq,18.184354305674532
id_4gw4m9unp9,14.55493788489201
id_8lqfepep8r,22.18297504037732
id_lbql83v1pa,22.680584291659567
id_18r3kupks1,15.06205220426562
id_bz3fcm9azs,18.760319501634594
id_vxwc5l36hb,21.855931994761804
id_1m3ayw8orl,22.78614181032309
id_n7s22ti3u0,25.45470480967441
id_7ml18gt65i,18.943719646138963
id_pu8pv7gwz2,32.04899747331657
id_ru43es0zjg,28.73500391820865
id_n2y5dyb90j,22.580876910391176
id_v6dywtd3ti,23.69582643259216
id_gpm9b55dkf,19.606511295775974
id_envkemqd97,20.827457175956127
id_rm0pa4kk4k,23.19400544096959
id_s1qxkd8ot0,22.76239222321759
id_bwv1d5pcax,18.40938674608725
id_cvbktrmvyp,21.97602676737469
id_k4zxmef1ve,19.542564418486307
id_61jelkjb5z,24.983508409070723
id_0zwlyfwhg4,25.8479910280582
id_pipj3ap8ak,26.14929521915261
id_84xzjh13pi,20.76529080460573
id_zxct0q3dqx,26.4100479177712
id_5vji53n55u,24.13074453029822
id_7mup88cw2n,26.25658193130137
id_fomq0iryjd,17.35075953104553
id_5mq14kf61k,22.038320380066036
id_6tfrbtojwh,23.110808643658363
id_p1syd1j82p,21.093394000804384
id_2efu8wsf0t,29.86751751284964
id_nf6oaj6hmc,26.00944841136239
id_6szo04nr0p,21.07784094252025
id_k3zqwshvxx,20.450177285133947
id_xb9tzd4tni,22.6484834340176
id_1g1133mxj0,19.67077065914001
id_l51e1wtruw,18.754321549316607
id_qgc87e79ko,23.53865749392996
id_2efd5sv0eu,13.356486675924671
id_93di8172pi,18.280008104542404
id_b8vvdmeitn,15.158659359337452
id_ci6fg1tigr,15.41922782971224
id_c1zgt77fyu,19.638697912808663
id_78t3asrjbf,18.340607864319143
id_6oanpv3bs7,17.407408613749837
id_zdhxor1yx9,18.171593681839795
id_hjug95reos,14.7077212645982
id_q5y6b2vxi5,20.161124459540687
id_lmmep6vt6f,20.437404823490944
id_ur485xrowj,13.854919505189184
id_yh8jpakk4u,18.347596705443248
id_xfom70rd8q,20.37046566373227
id_cx4og6dawq,18.372696747891982
id_bxqjc4lu8q,19.0692284845389
id_dfkdged93h,19.51270577902082
id_wpc07nnnn9,19.74071495200582
id_3w6yxmo14o,16.514938249851937
id_9xhx7zdwqp,20.19673572382667
id_fkcu4ryvmb,18.897722070722335
id_iydvhqnjpg,18.61381313688422
id_xfd5bd6mbb,14.966690425413658
id_pnfc3lxqxw,15.168529240892363
id_2fi5bq6vwj,19.233016709311645
id_6viyil1331,14.805276663550387
id_5gwjmv15on,14.2067454345619
id_76bk0rtwtl,23.139288857346493
id_f60ku7tfev,15.987460918530688
id_h191utquex,20.99890274370784
id_wi04z29d3r,11.637599945836495
id_fbntyg7wwr,15.525595403414936
id_v3zrqsqzxo,18.06736178156128
id_bw1b95righ,24.116315154259816
id_zp9ylpq5fk,16.960248782305605
id_t0g20s1n6l,20.471502693784124
id_dktjg2pt79,22.534237226759632
id_mik9bcfz5g,17.330105747048552
id_t7ahyyqmpl,16.219713020613646
id_mu6p2nd1yv,21.497353685143256
id_lff5hw3ol2,24.865789912746266
id_eccaetzkfx,14.269124264038826
id_z5lh6tnhu3,16.629925347674916
id_vg90abt8lg,12.817714134677296
id_b4kmym2z2e,20.56361446543936
id_a4bm9lp96l,19.942218278279014
id_ph0f1whio6,20.27095218446477
id_bn4murbtsb,20.189650965581453
id_mbkfsw8xc9,25.53788653771705
id_e2ybasubxp,19.554639909495748
id_6i3ti67p9g,21.59918420719848
id_bec40ri158,24.072224013989043
id_zacj6i063v,20.27575380831125
id_lol7o2igta,23.375306626584308
id_m2m6u5m8oo,30.213887213558657
id_g8kpxolorf,26.159953101201182
id_w57cuionsw,25.068725458102808
id_64x7iknxnp,31.8007760481241
id_umk48ombht,35.25793240543681
id_w8cmk8r8vv,18.462858808290537
id_vj0wx6wbs5,28.398367361100192
id_w7sma8wi3u,34.24684181494208
id_oqmb5rhi5m,29.430213704597527
id_i4y106oe8m,37.83284308076897
id_biglgqqok3,40.7632962348311
id_6026c6cyn7,55.06502906400189
id_ixvjw5pg83,52.11419456643336
id_w6kanjj090,55.83530748038463
id_qy2xteqn7k,53.71597558637765
id_6oi09e06us,44.90555241617503
id_37za3uvuvh,36.361499547392896
id_e1rym2u84c,42.052597630271606
id_85pjz4b5rl,48.53115208247304
id_ohyxbff88h,41.2557040815641
id_dz40i4pbqo,43.08515032884347
id_kfb0js1w3k,45.71946270546142
id_z6dnfzl23b,48.039273142190105
id_jkeoakg1zs,48.46524951130926
id_jvc6j31d7r,54.029761240903895
id_tp5jxexuje,33.9441426265993
id_dkv9vzan2j,53.7290260697748
id_21jsagai52,50.99297921622906
id_5j5wrd0r76,51.542222571543306
id_hafhcdf5fe,43.30960239978523
id_ng9duxlksi,45.14712939072983
id_1mrr0piel6,20.27124930643442
id_8dlgnof1yt,12.734929472699896
id_ayhykhxv08,34.993170822290466
id_5veb3455kk,15.34417947345532
id_0gw6p17v8i,18.80090648339989
id_h21k3oibhu,40.40821451141288
id_onax36r19z,45.02675241951631
id_kf6alfal6l,14.58525420529214
id_rgm4q6o0n2,28.8887490299616
id_051ag5i4ha,20.302459689982143
id_03ajztlcgf,25.11324243985989
id_h1gdh0ctos,22.10228485632345
id_wea0tzo38s,15.691453673709724
id_d77c6v7xlq,42.005441449323385
id_o5czlw27eu,45.25564868131006
id_z3b6rgvygb,23.678760985032685
id_iwwln55ll9,16.508437418868063
id_ctyaqjhqq3,16.59730790104917
id_bk5kqdpcvl,16.90843663059167
id_lcaeji5kvm,22.39945383809659
id_4iuroyo095,13.7284317989334
id_hwhg2nzcn7,19.598205274967214
id_zfyyzm0tfl,19.70660599771631
id_aks304uagg,20.38316721813551
id_5muf55bxe7,24.34981030090921
id_or8005ins6,21.50826770137928
id_5p0q5jonr0,14.507745551503294
id_qjskvygs4l,25.77653941180481
id_u5iqw2tz8v,19.745914612152564
id_gckh1uiy17,54.01613685989994
id_8uh4onl5v8,25.40573009128168
id_46wh4sy9gi,34.46418125802319
id_zd5wtd5tmi,37.17059031839299
id_8tax5ieqth,35.56765537123296
id_ouo0ii1gd9,23.370014009966187
id_ofkcbq4gav,53.079206123323125
id_yak2zy4o8d,44.10836967017589
id_lmj3zlydl1,34.678037060425524
id_r5cm1bhxkl,30.699528062840617
id_0zbo52y2xz,43.14506893721455
id_obd90peb73,46.67468271533591
id_yubp5ipspp,37.28214681660563
id_q44cbuudsn,41.75787914629817
id_kav1f2lb2r,54.33263805837972
id_gxbkwk0iez,47.85602475590353
id_ek9x8hre7u,58.715131589861386
id_r871vcfbl4,58.9662863123414
id_35iwrmt1yx,60.00452190384569
id_mgt3ob9nni,57.31309207703645
id_ata3d9u9ij,68.64075221469926
id_389jy0txmq,68.31241069555426
id_oaaxhllgnf,53.40861957227992
id_fpoz5ozfg7,62.04414758585277
id_hygp8jfsb2,65.89431506460448
id_tgmi1f70mf,78.61799591544138
id_8xhlkfw0vd,12.242434684727826
id_n02h09aa2y,37.014921121458585
id_vcfstyofl7,33.28401260985791
id_jjreek4wj9,41.3743920379401
id_x7op0k35jb,17.83356005517019
id_m0rro9r1gv,24.15681839293573
id_9ky9s3jqyp,33.17452985926893
id_ohpg2cpkpk,50.43503033905995
id_s13clcy2o7,35.476621285388035
id_2h4f3oh33x,42.07346492329999
id_lzsgsz7nuf,43.95137640403002
id_gnfl6qhq2v,40.23820813955577
id_izavvighqu,68.94869554156107
id_5mk7jbh470,63.735965229071866
id_y78kz2lj7d,55.0911026832302
id_r0jik026d1,60.834823191596186
id_4l552ar61j,56.36878373214738
id_yog4iw8i1o,58.56325500590337
id_pv5p2rds8o,60.898817871253335
id_1k5akrmzgv,48.96019374991912
id_ks7ucfmf06,71.00853553569485
id_15cuw1it4j,53.98435956891547
id_kfgdu8dkqk,55.77842329162759
id_aa4sqe4emy,42.231764462519095
id_zytuipkh4s,38.45875497468106
id_753xfgjvu9,50.59738878349652
id_lpvtn9w0zv,57.12898554693862
id_7asrrizo0g,49.72046931681629
id_8bwlfohvu1,60.479065483443776
id_1hy6gjm6kl,77.12376965036194
id_qsf30wtdhv,12.185927456501538
id_1uv0ibuczo,15.920707755108042
id_80csjj6d48,16.51074777049701
id_n1g3zkow2a,13.751822561082015
id_qjt5kb3u6x,22.71608101443768
id_6e8d5kqq5q,18.54661156612494
id_wvhdr0r7th,21.413924526329307
id_x5r3svy996,16.942470961239337
id_o9ggz31qgu,14.519192838871586
id_gv60syhrk2,20.250292594021516
id_g3j3o1t4sz,17.947033866863286
id_laabpazmxh,13.263849296338302
id_eho4ay6smw,15.67607952139316
id_w8nvwfcpmm,20.53175482752245
id_btnsop89b3,23.646898449534675
id_0w6dn0yvk6,18.13461445372748
id_gpznwpt7ys,13.121202660160405
id_z23dyz3slb,12.499902040042931
id_2ojx7eu8qw,14.074963391894784
id_98t8cdz765,15.202946726363388
id_8f9m9dleze,13.957775430529122
id_oeaawvliom,18.87687750558245
id_ov5yh9unz0,12.884161407668286
id_syrmc724fl,11.128058771263929
id_wsfou7xddv,12.738218318573583
id_gdrcof729w,17.864021964297077
id_yyeq995o40,6.59327025905856
id_mhj0m6vsoz,6.843238334278546
id_d51371db4v,13.90882898669695
id_nrt1xvsex3,11.947146645293795
id_e0e2p1877w,10.71057356286123
id_ezhbu5sh62,21.040746996205684
id_c4pskc8s76,17.373017986918786
id_r0ufs02ezc,9.333846725380903
id_hk47qerjv3,21.820549253441573
id_8qq33hqkxq,6.547591277196549
id_w1qz8bdksu,6.0162884392374
id_n74jn7d5ct,13.29892630014066
id_b2yadnldic,9.707502479159835
id_484yc688bf,16.87014717391586
id_5w25kqbc16,17.04794367538861
id_9n8atixf1w,12.190294046162684
id_5f8seqeob8,14.883170118496857
id_h0d3gkad49,19.89531298736643
id_g7kvipny30,9.14395175821859
id_hmwh1yqafb,14.87066969393496
id_xjzlyzcmgj,19.33244423698485
id_inhwqwpuun,19.315802721568836
id_wsm8a53caa,11.872834631058124
id_r9mlk12372,16.264739788981064
id_oisa8d97gd,28.90425622106519
id_6ab55sm71v,16.34946457727021
id_too46nmh07,14.049107647202536
id_r5m6g5ftw3,21.763718344268497
id_g6vqehwv9h,22.30052002919184
id_na1dwva2t9,19.94416469575513
id_nr83m898q4,22.244243192811755
id_588qh1lkgp,32.880569483595515
id_1k70mcdia8,22.36792227491994
id_4kvsbq5i01,26.040459383717327
id_u90ok9v1g2,46.96197190887607
id_f7jhr0tzyj,36.61228202174761
id_496ds7trwi,21.35231259145252
id_rjedrxh5ol,18.887426479428107
id_iznxqqg86k,37.252140107266776
id_r2nitpoo6n,28.463253094853357
id_ako3197fah,42.44000659456417
id_nprrbmfek0,28.616783994259524
id_bmxffkemr6,36.294652384035786
id_w7doelm7x4,47.1310143986812
id_8z87l1y49i,35.9937813052994
id_ebkjvn720n,25.75078447454076
id_tc14hgelz9,33.48270048598757
id_a574b55rgm,37.70995056475735
id_dz6m95a6g7,20.344183518406027
id_wei7m8hy0n,17.781046569513336
id_hj9g1ena8l,30.414565007583043
id_hxkqt31oj0,29.03776218780385
id_j9xr0ullvp,32.86237231190353
id_dhxexr0nl8,18.098336882761394
id_thyiz3erhs,32.157453732135906
id_vfer04eoj5,16.014215601177995
id_dtjlkdb6na,35.423563636412744
id_wjevf26x7g,28.113459920259785
id_js2e45rmts,26.011456350993896
id_h4sopez1xq,17.777946405306718
id_tli2tt2lre,26.398325383055635
id_nml7r1ihuo,11.977296185386898
id_ny3rzr8dw4,38.677383738790574
id_dgyrdg3c7c,19.348587683046425
id_5xl1ofkel7,19.547320782171912
id_s9z5qdtsok,41.365335003578735
id_wzznck6hr2,46.57045406838968
id_2jrs4cf50t,14.514869211135752
id_zr9i8iyl05,17.719813532966214
id_ywr3489vgm,25.41849996608788
id_40yosi6uqe,22.748310781743427
id_hvj85b4s27,20.875114781619526
id_ve7iodkk5x,28.314927752745778
id_prcsjcgmvr,44.24617597062528
id_urporbfca8,39.45884709734119
id_hnh9veqj44,22.680858682747697
id_66ujv86e23,21.772211573891912
id_op00lvkxjn,22.622725827679343
id_0h1a9dhuum,9.844808446268685
id_ng6gkjkewg,22.254027720584656
id_u3q353kzgc,16.29311933074903
id_ykfovbo3gm,24.805639348959016
id_k2wnuw9gop,22.52113593156395
id_n742fvx1ah,19.435414273594084
id_ecz5hhz0iz,25.07749845642732
id_t3tupepv7y,20.778667207823137
id_touyxi6cd9,23.40283168587817
id_fv0z5li929,16.21789606010865
id_1rbmh121yv,23.1011174536561
id_jxivfqw95m,29.88760531874224
id_c99mmbda9h,46.38364670440527
id_amvzqnr8uh,20.69793120416567
id_vd8i2z3hob,28.9666845955334
id_sq6qs6ygpd,44.95064053932951
id_grfpl7lzzm,46.68053258288509
id_rqzxw5tozc,28.91898228517877
id_74zv2ut2b5,56.79017551229862
id_je1zddxbcz,58.10427879206931
id_p1lsa0r1uy,43.98634950277011
id_466f3sjyaa,54.885441549525225
id_6bji5k248v,71.1504667044415
id_xmf644v3gg,68.43577338162788
id_7ww556yt1z,47.04220925458704
id_1kv2mm53gl,64.46952276034818
id_gogfzwk8d6,76.20996754144132
id_4ijyknjpyw,58.0091504563096
id_51yb1ejvyp,83.05038481704227
id_e8kgwianqu,71.58901891019076
id_01xma9jtcq,77.33183505573604
id_b4c2qvjsq9,77.53700630956143
id_kkxio9kyth,80.34976524109778
id_eo46mly8qt,79.40525998158954
id_x6q1xzuux5,78.00082439227958
id_o9paw0x3kv,80.58433764354977
id_rmptreswq4,87.7456536305908
id_t3b2vd5gaq,86.04588029034721
id_1ccceino2g,48.60065978775894
id_pkszxukfw8,57.51416309387136
id_irjroluzw5,53.028862329965946
id_41oiry183k,36.27937141060484
id_cfcgnt1ghb,51.03207926923025
id_sjd7rg1oll,59.66040767496811
id_364xgx2f9d,52.28426459353025
id_fy2bmhco3s,57.06073454893276
id_axh2ddc911,46.41737439640853
id_29vkc8fnf2,52.15711871210148
id_4ohuy386ux,47.14138587727288
id_ny7vfafssc,49.04115982752276
id_is7lidy1mf,19.914002561562317
id_3gzqnrpvj1,10.161747390150762
id_tgs79jz18s,13.485219979876373
id_1vuxj43b5t,12.26126388368323
id_0li1v5bnou,14.474438640160503
id_2rkm63c28h,16.504879044394617
id_u4ue41ptfe,11.337101402943157
id_hqm9ncx8e0,14.224321298204543
id_nm7ygb4b3l,13.772966983373042
id_jh45q5uczs,13.200418890584189
id_8wae60vl8s,19.18488067573891
id_oew1wkaotf,15.677113559927273
id_2blz0nu3gr,12.704436334791104
id_8561e57ms1,18.81494234037682
id_6l2yazaml7,19.44544594911557
id_u8x5imye5i,23.394285205485957
id_3n4fcuig6s,13.512541102714811
id_63yqksu7g8,17.47637797177226
id_vr7oawtyr7,21.12000657592997
id_hucimtkqcs,14.631472417850867
id_en1o2lrl13,24.234453738207097
id_7unrf37lps,14.894182910418026
id_airjz9ye97,16.08199512178316
id_scnvuwxqzg,28.730941796559733
id_e660aintu0,17.838957528492525
id_xp5zllo7bm,28.23390323430016
id_9vmhojq424,17.870589608813383
id_1qhlpx2pcm,19.771913219489647
id_qedyi4kq32,16.53942525452745
id_vyxdm338eq,16.891339202745115
id_g2ct966v3a,19.213577214040452
id_npft5kn5zd,16.11737353399125
id_d9roa39323,20.39288577057971
id_7jxotkoa6i,21.964470103087752
id_io83k3isds,18.38472000771512
id_0phnbrqgvq,16.081081441258082
id_8fhskk4v0o,17.22147059659443
id_jmark42lrd,21.797411706177986
id_4uoyxutrk9,23.654564264847878
id_z3ne71faqd,19.16028053498306
id_3lsi6od9kk,16.199649958213797
id_wnmtya2xe4,19.09474570114419
id_kxpxubm2ks,16.077339597037703
id_jr62xr6pn0,17.413645587097164
id_i1ndfhbqh8,13.359521643431473
id_xbzzfn775f,14.454094439626417
id_2jgxgek3pp,18.70034555914259
id_cz0j93tjn1,14.808869773984874
id_ibjyuosq7h,17.705957412582904
id_qdj44e8qxy,15.960547085370523
id_pr6ybzbo04,15.033889970316338
id_6is3wqphrp,14.773613863541694
id_a19c8qy624,18.809844659805485
id_fccl3r4vhn,19.628100611373867
id_lpadx9ljyn,16.737581977407807
id_yrlxid7w5f,13.85305747763714
id_iyelznc712,10.005669751073642
id_d4zyhlrp7i,12.742974054189869
id_yamlzhxpzl,18.292823115372183
id_69z3k5udxl,19.036760045533487
id_250ilall7a,15.09016495409194
id_5oh31qlbqd,19.87489348761069
id_g0pt3qxex9,13.053422591102787
id_wecofpgirx,15.69517951479448
id_srbbfyzb4y,13.007321458882664
id_9dwlszpc6f,15.65588652361475
id_rx1c8t309y,13.323425877819265
id_ihc33303cp,15.475696560663623
id_efyw9jlc2d,13.609112032531565
id_r4qda17kgf,13.417689356381528
id_ztkiuvq97m,20.79232735484247
id_57vj6lphyj,11.722966607717732
id_1a219llt0x,17.711386139090155
id_7dum8n5jfs,18.180400797419725
id_mprnfw8jby,19.171064402078947
id_4kwyl8vwk1,13.5998132022143
id_hkd5b8lkry,18.393206424579063
id_ugse3zoarv,28.761497364930964
id_2mihn0ik0d,16.7962995623493
id_eq3nj1bw4i,16.13030448529541
id_eztbfv2vvq,16.18186309645077
id_j822qt24o8,20.16744449664647
id_nyc1n6dupk,20.433805950823533
id_5rfy4jo9id,23.652516644339663
id_z30ciw3guv,23.59012970577457
id_cikel8zc0d,36.70294947360275
id_pn6ira1t7j,25.600090693358226
id_etyxjytmkl,25.27581269808473
id_vk4ybuoyry,49.31692737885399
id_qm010ay0yb,39.32829720328181
id_ufglp9d8e6,26.1581308057798
id_vfxihvxog9,24.529473266117808
id_gx87k11mh3,32.01179700557045
id_5yblexf7zp,26.20808339126895
id_c9cycuvetl,46.925764478601934
id_8xu1ardxni,45.55098807309452
id_aumy97t1iu,45.17264456810665
id_cv1dq53hzh,46.368862851972864
